{"id":1,"uvs":[0.5000820395223913,0.3174892122454236,0.5000716671245662,0.3870547533029707,0.500134573767344,0.37009244915572603,0.5143554595500599,0.46997270861273377,0.500226912940652,0.4102482080109283,0.5003123199073576,0.44396420221864796,0.5006309481141713,0.5301679459758034,0.6150226530056953,0.5454222690538747,0.5009491603822033,0.5986050165178517,0.5011899140936547,0.6311581767328098,0.5021899648261116,0.7387126652847549,0.5000254312012977,0.30615464396723047,0.4997918834456323,0.2976396545460138,0.4995589608925124,0.2943934429292002,0.49947732421182645,0.2901361788874902,0.4994256381716645,0.27917920516421413,0.4993708816225535,0.2658382572369503,0.4991106614428923,0.2536129474059694,0.4985319597111434,0.2390079429187788,0.4999984314010021,0.37697248474766265,0.5156329974585142,0.3807239342236962,0.6719054862694397,0.6459214089580108,0.5669276574814703,0.5272851160519979,0.5826439828267493,0.5247550277560895,0.5983231199129887,0.5247217935864297,0.620422169808521,0.538762587744775,0.5546929468036227,0.533114156922785,0.5931902438616371,0.5856496773979605,0.5757408983398292,0.5844007923546262,0.6090332915404582,0.582003420724802,0.6191938998988828,0.5739454714714393,0.6321983720952165,0.5241254517930922,0.5555441513910001,0.21411051017108662,0.6217235055258712,0.5520056560349983,0.6777704893961918,0.5475064528340985,0.6504087032543675,0.5436993770868357,0.5785153112159982,0.4240801302347409,0.519050510664885,0.32131171090999977,0.5148929714541339,0.2982390264778314,0.5376040071878533,0.31503394172952515,0.5474104992426088,0.307570892066526,0.527792685408006,0.2977366402243776,0.5368282171283643,0.2965334167242568,0.5665403873754887,0.27912117173822715,0.5135716354286448,0.3875571049823979,0.5161446653901052,0.4101487075767237,0.642921073897425,0.600739363565836,0.5483669364910052,0.4836338581443338,0.5508335092692456,0.40080491658943684,0.5523147271614565,0.4150576575504774,0.623728423560939,0.43113117326003847,0.5154553057503366,0.44172415088320627,0.6089107107343036,0.6237507765582067,0.629228023208356,0.6163225218279378,0.6580007618842647,0.6819307566379103,0.5383969466087284,0.6049506193046345,0.5602613814618522,0.5769798674759556,0.5777678090963326,0.2992532740637335,0.6549977968779284,0.34684205041635807,0.5388518337916782,0.3882888621021233,0.5257825773160318,0.3810160269721562,0.5585862138993494,0.2954161577107707,0.5503886667362121,0.2966911151244287,0.637920548007312,0.6326638659010021,0.550797472829659,0.39254018222390874,0.5800065255132536,0.6225299549641286,0.5831782591021122,0.6408769421074343,0.596586456547368,0.727770870725158,0.6482250061962123,0.6567963366890166,0.588098968226577,0.6831633715916086,0.6522668559402593,0.6132398982608989,0.6623292847092922,0.6275474326956905,0.5172624814182922,0.3078056730047086,0.5322048284840728,0.30419518402724266,0.5422080545861254,0.3014826321135462,0.5345408005825987,0.3845117333688879,0.5542544659959567,0.29538631227556933,0.5493886986134369,0.2906913013851955,0.549034768859125,0.2986712529467831,0.5309093302941938,0.3918666223541062,0.5331173592382831,0.29838152908584004,0.5240261505193111,0.29709506553730525,0.5124458791829516,0.29556007439760634,0.518607269396129,0.24027006270139561,0.5181876741274876,0.2556405928187715,0.5173222094386496,0.2685497773787392,0.5157554635035765,0.2816545137462776,0.5141683918878792,0.29089556236732816,0.5362868101415511,0.2944611583441775,0.538993735782723,0.2907207148504338,0.5430226157754344,0.283996289509035,0.5466258824695959,0.2768154296711858,0.5627235238400705,0.3356662367756602,0.6739522238287936,0.45998073638865655,0.5001421776584605,0.3748194877869998,0.5420215187968466,0.29581604027052155,0.5452725746082565,0.29369975307768015,0.5204405802442066,0.37080182747182533,0.544888560271523,0.3795981761193662,0.5230713741233395,0.37557083762469623,0.5637730493686366,0.4712321794084986,0.5885623594953773,0.4559155478064041,0.5541352083426342,0.4064412711440758,0.6347062124742748,0.7099667617300645,0.6251584065948605,0.6763902854174587,0.6151256515845305,0.6423857903471453,0.5543321998675461,0.264563375796493,0.5436571960617869,0.6348896647052641,0.5478890517018815,0.6824074178458859,0.5537450962406532,0.7360208902203702,0.6121613409068596,0.5294600530120992,0.6486039761867775,0.5088065756691207,0.5469911855324291,0.5389236278011869,0.6348898205126747,0.5689704846991179,0.5377959608593454,0.4972114030046917,0.5417145074219707,0.40636930913734226,0.6650749919662651,0.49665957221261414,0.6372507968171037,0.4898776780119557,0.6165364374711009,0.4791367283769107,0.5861257776992179,0.4830838551787745,0.5645615337758483,0.49309295062441283,0.5491626281451657,0.5033938305125911,0.5163177631507314,0.524763084403659,0.6607260098297059,0.4478282884376774,0.647986186192067,0.5752302622229316,0.5083316994642236,0.37780970530501423,0.5469925592112352,0.457620876155558,0.6803209979646199,0.5578798799748586,0.5374857906472843,0.5145416557531752,0.5552635934436325,0.4075967688231955,0.626555981548345,0.5526294756048231,0.5426422020803914,0.4240892181127863,0.66771020756158,0.405416988614378,0.5480720803260333,0.5473809984501528,0.5295297167796146,0.4352329052176984,0.6213506828727076,0.27529029408044237,0.6203763680057641,0.2575688991399385,0.675702200936118,0.45219417677883,0.6404203364537389,0.31020995238441107,0.6707726747221141,0.5911368145893033,0.5592218612167504,0.19361174615327426,0.5067199022129592,0.37554499160242416,0.5602749011808233,0.44170006519824456,0.6634050294889129,0.5421080955626008,0.597449412119733,0.5380527966992608,0.5829775209546134,0.5371122108569444,0.5538487089836175,0.2870396419385973,0.6552887439587601,0.4038068506035327,0.5307443941560283,0.16308136003848328,0.5775627391603337,0.19983987448900653,0.5974280822861509,0.22350046656501366,0.5016073667718949,0.6821056898215808,0.4969043204489465,0.15847646274432226,0.5699443493818045,0.539393827510267,0.5580325483319256,0.543636395345096,0.5510431706440932,0.5459575040755211,0.6590336375011617,0.5824885428620187,0.5618635177772392,0.560164219858626,0.5760803313701094,0.5647518827590641,0.5903390658004217,0.565110144231512,0.6043197610866751,0.5617428176545782,0.6129462215283799,0.5569513184400396,0.6792158157356585,0.6069630847145625,0.6075784898438925,0.5413954577564069,0.5000791767687698,0.3545486470697288,0.5509112817734614,0.3472462943282788,0.5392574578417983,0.39064523892056957,0.5216616765036567,0.35221006513707953,0.5008678914929668,0.5658391651124386,0.6010774782718349,0.24332376499452157,0.5812151713520541,0.2185297563824271,0.5317721671353504,0.17494700357109072,0.6385472441492699,0.2966375502873675,0.5525051142185193,0.5523466512468105,0.5269129767933418,0.4851463458613615,0.49735139045248944,0.17042668684605022,0.556205651338255,0.17827144873100198,0.6687974574905396,0.4029056216748387,0.526673061239147,0.2927782171022997,0.5293134707590471,0.28615119608431216,0.5321427768704793,0.2759981861842853,0.534465174845081,0.2643491216894083,0.5386970283917182,0.25047766148270234,0.5444823175204974,0.29658534022266747,0.549855723521631,0.2982485703104778,0.5550526681262418,0.3020348245454034,0.57212111673639,0.3187748153829977,0.6333705691972266,0.3861477275831072,0.5269731961549413,0.5122593938652318,0.5361343786163943,0.5631991765315353,0.5458322276539217,0.5601951164173582,0.5409717947699786,0.29994049349904695,0.6335689307808678,0.33579605153510594,0.5223673361938721,0.5627308636188558,0.5474767976284863,0.2336328137393413,0.5003020079639724,0.4732601349354275,0.5157812185308698,0.4957687823936897,0.5005244591187468,0.5004794672310979,0.5378800943745087,0.44790525335046716,0.49792559819776394,0.19151923449105634,0.49834208856617124,0.21750496374946982,0.5233179123109807,0.2200546212133988,0.5828734876419042,0.27470020277283913,0.567548988522956,0.3907866874921929,0.5673030987555997,0.2515697090576965,0.6010862401472743,0.3983689883180488,0.5800059416001161,0.36893377938440186,0.6124387965582951,0.36408764070010335,0.5288694364499666,0.19563514013292216,0.5471559190205164,