{"id":10,"uvs":[0.544307486693658,0.37120499369201965,0.5377628203203701,0.4345100820427156,0.5396258388267753,0.4170076411856649,0.541577767722218,0.49883792923963133,0.5357049168851353,0.45299583757615947,0.5326230470643416,0.47842626567339597,0.5248736248258659,0.5404084792830758,0.6130344752202317,0.560649260616503,0.5191415615563387,0.584642654884454,0.5163057002905433,0.6074148864956379,0.5080470707367527,0.6818570918831187,0.5452029997502539,0.3623484551221836,0.5458160755442057,0.3556867658348405,0.5459598029919288,0.35290950789813536,0.5460108513068239,0.34701672390539295,0.54677881821496,0.3390001062415765,0.5477808708475536,0.3288533980455255,0.5486980188323751,0.31842648388295114,0.5502593834856341,0.2995624106995247,0.538697521052961,0.4254151376884566,0.5516877918902625,0.4293052440530599,0.6547768976078125,0.6308650776366372,0.5755334822542836,0.5429943922140803,0.5886827376162787,0.5425772580377161,0.6018313730489769,0.5437121850350345,0.6188597828051938,0.5550483999388104,0.5648508202748584,0.5461611739927679,0.5921317483913466,0.5875755862235454,0.5780732585568609,0.5855793510350191,0.6050016767580079,0.5858186466559692,0.6140461254670843,0.5804537773697753,0.6309651234777274,0.544021609513948,0.6043785886650764,0.28108922245045664,0.618284833838004,0.565483464157905,0.671223745694199,0.5589708831936586,0.6455955879090185,0.5582784846565225,0.5986325582559346,0.46516127046932665,0.5608117164862965,0.3768044138036891,0.5595269544918768,0.35782651398060694,0.5780435556550274,0.3746732526311334,0.5883000097523449,0.36958181743269625,0.5716348070375501,0.35919360675266954,0.580393334458657,0.35907201149293744,0.6080581620404406,0.34591003356343086,0.549090064848404,0.43663606907600405,0.5488965910361479,0.454754808635094,0.6315647566946043,0.5993080589473875,0.5673264121608974,0.5081657352433857,0.5788510774382924,0.4491277430766327,0.5782592595214936,0.4595435002995002,0.634811874346778,0.47375420274388425,0.5451951046077859,0.4784672578461243,0.6003263580245597,0.6143877097963414,0.6181502648298602,0.6100439227414933,0.6380729101524505,0.6574676421593634,0.5457031303144116,0.5939697709106234,0.5660784058893359,0.5790133397105912,0.6158891832733935,0.3645417704985865,0.6806089885774879,0.3902160531869918,0.5703789836983373,0.43767878441448016,0.5607058260779743,0.42970788627829404,0.6009352453685786,0.35956970087427087,0.5941162144819785,0.3594086445793345,0.6240763601939076,0.6215937914528746,0.5798157378473043,0.44175078675923285,0.5764726172249874,0.6111656124922491,0.5777851302945731,0.624336865429912,0.5824157079947496,0.6858170500262402,0.6310831143809394,0.6395232794951162,0.5789646428358947,0.6547524485445932,0.6386990826653296,0.6079728666079843,0.6468136695736271,0.6180789215488485,0.5606470870395697,0.3657314706946423,0.5744741490569134,0.36515964990062266,0.584383636122398,0.3639652926773914,0.5676026355238474,0.43379920114049486,0.5973558211346282,0.35895821456165766,0.5926025832763944,0.35423614467787556,0.5925006494419567,0.36066970480982774,0.5627750874060711,0.44089874836404497,0.5775250371699011,0.35980839437323453,0.568804197407744,0.3579454551843284,0.5580632407847406,0.35537257333875205,0.5681965968713243,0.3042268440181255,0.5655730137630036,0.3227644058712722,0.5635200614132376,0.33336761565795137,0.5612424123440989,0.3431030672799553,0.5593718659126009,0.3494695425826767,0.5799672584160028,0.3550607756211792,0.5824507642013104,0.35268589218927215,0.5862013641737993,0.34814351247699615,0.5899377868116273,0.34266061450238294,0.5974916461180634,0.39386398092049124,0.6818267992086866,0.4833225460409599,0.5390928130137147,0.4222508273696167,0.5856538398347416,0.35688412673922887,0.5887226111649032,0.35600085779313395,0.5571229908521814,0.4201154690793204,0.576747071371437,0.4297487640495523,0.5589745791757528,0.4246320612004687,0.5809791207762278,0.49977043460625725,0.6028619824238906,0.4903761268938762,0.5808004496868693,0.4521336003713018,0.615364764872288,0.6766936073698497,0.6096819259748747,0.6527252017070068,0.6039212220091117,0.6277918592965761,0.5982453771761909,0.33067314866530373,0.5472924355277491,0.6159192857186403,0.547465736907309,0.6499670110198956,0.5478949753442015,0.6865922167666122,0.6128688724512368,0.5478873536090707,0.6472071103158544,0.5334460441388935,0.558205611526992,0.5500092045125076,0.6282580806178298,0.5765807722879552,0.5572007589957416,0.5178884940137027,0.5701064500450377,0.45333543501469864,0.663629239420676,0.5236945408749663,0.6389096938115897,0.519549779939908,0.6227650839976109,0.510489532875364,0.5973975355356343,0.5105274740570238,0.5785552660837217,0.5160664822308223,0.5650537393705881,0.5226320156416279,0.537604652590963,0.5379427722408476,0.6655683598399699,0.48614907712442945,0.639288277522924,0.581157051009388,0.5456035442125798,0.4271646590468694,0.5694628637862752,0.48896966615589144,0.6744594132574546,0.5619602011727399,0.554569728957011,0.5301721748964137,0.5818209937388775,0.45194531844020125,0.6225795370564254,0.5653381004303792,0.5690855354967701,0.4661223125822853,0.6842009821810309,0.4388912971608925,0.5587243373135191,0.5563741356469298,0.5572521224560798,0.47415157305267996,0.6587848147406238,0.33723120694901787,0.6618355900412597,0.31605192798707793,0.6809884533899628,0.484730387755541,0.6704695448514938,0.36696203682973727,0.6589430246800079,0.5915886498337997,0.6119812155864498,0.25923212532244777,0.5446103546308454,0.423739521913419,0.581874243847612,0.47737765991959313,0.6578014428272135,0.5567658823712653,0.59881424826369,0.554584122213185,0.5871003465711581,0.5526633774565857,0.5966781613184453,0.3519822425002439,0.6676088004606672,0.44983540439613023,0.5901221217093363,0.2235059095674793,0.6305318651859086,0.2622279795084529,0.646125015581275,0.2852733182713577,0.5122850837121027,0.6436667998134371,0.5584224645642786,0.2140951606692103,0.5764079026303591,0.552924442457688,0.5663835850829073,0.5548459260814337,0.5608284795058291,0.5557451762694583,0.6485392537101544,0.5860810995082331,0.5691015708162306,0.5667735073189798,0.5803426332557111,0.5710710252501388,0.5915399521946958,0.5726168494619868,0.6029740552933873,0.5712245777279948,0.6104537779775815,0.5683590184430041,0.6665016759100713,0.6011870039038593,0.6069499308669092,0.557487965737935,0.5409755341114084,0.40279349336788317,0.5857401084373846,0.402848638440674,0.5703289611185456,0.44011362062698345,0.5597680238098546,0.4039067502392091,0.5220332562829323,0.5631221142720173,0.6450442953173363,0.30813533091896317,0.6294742545266554,0.28377323702683155,0.5880598160214775,0.24028604765687334,0.6724915039600713,0.3488152770809577,0.5619698612459333,0.560434272260959,0.5500588767353225,0.5096366743098723,0.5568719073516318,0.2304218751118463,0.6128748720200072,0.2405710769499979,0.68197273328225,0.44405174746350795,0.5707011377300517,0.35263785087005806,0.5733471438259337,0.34815748020849135,0.5763751569621023,0.34076436723084513,0.579530943179082,0.3313598849322097,0.5855096542933376,0.3159789405472716,0.5883034179204332,0.3595618168993999,0.5924586026816182,0.36175236549987044,0.5964867266697644,0.36540331297530737,0.6082619191419426,0.38068940677681984,0.6500204282724856,0.43665042609537563,0.5471181584302804,0.5288840059107913,0.5477848156115979,0.5656449093525422,0.5556354741196375,0.5653571043896863,0.5849350075209101,0.3614865372084848,0.6593648337127667,0.39270449157544585,0.5382864476503839,0.563447939058117,0.5944296504627383,0.30028593789497904,0.5298982906073285,0.49992684426399336,0.5401490509853073,0.5176198263497263,0.5274970292926535,0.5195525263874969,0.5627046907019857,0.4823544207899533,0.5546269982815802,0.2537545772593123,0.5521601222632571,0.2794000834113549,0.5740839355560828,0.2856756737933974,0.6225583205776388,0.3416961110187504,0.5939314095414713,0.43885357913241774,0.6107540324532961,0.31888864443564624,0.6205326332361984,0.4465904493680942,0.6068987363987406,0.42194600259397863,0.6350343294064626,0.4189095291640338,0.5820123510579179,0.2625808838747803,0.5716524962020817,