{"id":11,"uvs":[0.5170522946318281,0.4493351461512727,0.5185496254513313,0.5030978774489044,0.5173259725637165,0.487055564223125,0.527713398980118,0.5578555699021513,0.5190155759948055,0.5196139418477502,0.5190333152616284,0.5418640738775433,0.5187769923720811,0.5977127473100314,0.5916839213309442,0.5994375252829593,0.5190098010445466,0.6421894142702897,0.5193594212264925,0.6653584485202524,0.5210442607395673,0.7476221672436342,0.5168802626865896,0.44129756010949694,0.5165183691846444,0.43476101437109405,0.5161635000830609,0.43179429703720373,0.515725371720684,0.4316846350348347,0.5156950239673432,0.4247349638622153,0.5154779663366752,0.4155490186791153,0.5150503671845543,0.40608277446282404,0.5140268286692766,0.38950664505981536,0.5179146047067091,0.49471244222196364,0.5269214517625773,0.4947178003894811,0.6366489879828012,0.6697017802194685,0.559639776562951,0.5880618484246531,0.570140856068597,0.5855728727183813,0.5808388622433152,0.5854156670820678,0.5959130221651713,0.5945419985133353,0.5515476664705095,0.5931615460897851,0.5773732298303673,0.632429233966812,0.5661115890631031,0.631936515079246,0.5877121276700747,0.6289693112818668,0.5944486774834611,0.6220813719328222,0.604411667719474,0.5838356411972623,0.5514927544590447,0.3610448470950913,0.5962711973061746,0.6040936949549165,0.6378662777014312,0.5955565241519283,0.6173365000896288,0.5964118468414521,0.5682940035424774,0.5173180146715252,0.5292006840458725,0.4512133561905153,0.5265718861987756,0.4342568234142353,0.5411374893607577,0.44495532507211877,0.5481873534184414,0.43781103121820153,0.5351943476684373,0.43251599331916335,0.5415156887345596,0.43015027251766125,0.5600342667388581,0.4128592301107604,0.527028902339957,0.5026275606941513,0.5288528480048278,0.5185838710247289,0.6112053267925772,0.6387947345880621,0.5484560383987485,0.5609200866010066,0.5486040710518805,0.5068168050627678,0.5496043502030815,0.5160942003068613,0.5994548385750182,0.518221693311827,0.5284189143060234,0.5396324100273207,0.5870285761418818,0.6578628393968742,0.601222269439881,0.6511679292090529,0.6259744068575703,0.6987325803058149,0.5413819847920143,0.6455655283395445,0.5559592359997598,0.6265974387382732,0.5683288404149628,0.42674605559074164,0.6217379567896133,0.4378936364988232,0.5405629059348549,0.49789959012189655,0.5326153751736135,0.4930816436640709,0.5555779579352615,0.426871591796127,0.5504799281520119,0.4279647045526025,0.6076647724011073,0.6623376910861912,0.5480428651790716,0.5001350000753824,0.5675190973959203,0.6575492946817691,0.5699853460116077,0.670957550198779,0.5828267263974563,0.737043734169027,0.6170707555322648,0.6807341192980088,0.5753296062928144,0.7043621477988949,0.6184631472606515,0.6470431292947039,0.627902278647826,0.6573905932492095,0.528052550325897,0.4414406119715919,0.5378689171804367,0.43736922076616047,0.5448639072227022,0.4337643000136202,0.5378320636849494,0.4951070956568988,0.5527727197743453,0.427155458323908,0.5491565486396528,0.42555245289981847,0.5496491329249814,0.42911446550150834,0.5366151648616004,0.5023886920524829,0.5394682992616129,0.431027969579295,0.5329259928169394,0.431678874026741,0.5250417361168149,0.4317696761575872,0.527058589975113,0.38948426942830405,0.5272279683545814,0.40647261013444846,0.5269691907264464,0.4164373972905675,0.5263213695116257,0.42557304057498213,0.5254658740679922,0.43127504575762954,0.5405929858421152,0.43002587419193283,0.5422069134977399,0.42765832218934485,0.5444505299693324,0.42287039223245904,0.5465696667953267,0.4168944216885956,0.5581971561069174,0.45602753828226417,0.6353865726784121,0.5229093017437575,0.5175421041823944,0.49150861532735357,0.5446779326630229,0.42922561362457,0.5466146074784218,0.42801292614672204,0.5294901707556767,0.48637017367531377,0.5442350967200517,0.49045382756978884,0.5309799240550429,0.48957470175132456,0.5584217413767834,0.551007261503468,0.5753521508461591,0.538954001845012,0.550405355904261,0.5091499086585236,0.6087901184931328,0.721637272328262,0.6001632705838091,0.69697648343621,0.5914451197328909,0.6710083738089849,0.5515131753875541,0.4031445117206506,0.5451089719735438,0.6673746669688811,0.5495833969735779,0.70548218068827,0.5546103511051228,0.744733421671123,0.5903498521499545,0.5880738148249068,0.6159712778241307,0.5722542169130036,0.5467093829847678,0.598178915271685,0.6059329413153988,0.6162454573844902,0.5417389502737137,0.5714062907858171,0.5434762431068249,0.5123892576434097,0.6275174249484914,0.5609946723923231,0.6080746645152735,0.5599709719820791,0.5941109460907336,0.5537514565420396,0.5734553964700922,0.5575115918321474,0.5587771034144018,0.5654458255728412,0.548668729735702,0.5737237910370131,0.5287203885119862,0.5930929015488755,0.6245448989129491,0.5250612377596147,0.6152903390256865,0.6195270555983527,0.5231151644234617,0.49482717616336,0.5473596295165695,0.5435935080177924,0.6411836162518899,0.599558603142226,0.5413558532712546,0.5825710808592883,0.5511914196913468,0.5087061489791437,0.5998640531453228,0.604401539970672,0.544129415959588,0.5239482340675994,0.6305666937034597,0.4813047814042898,0.5475676881446492,0.6037474422562555,0.536757354256716,0.5335204125598755,0.598675735156875,0.39496976435023945,0.5977009540208068,0.3770913627505923,0.6354788349408742,0.5226159119336411,0.612255056040204,0.4179797479530145,0.6335956921343286,0.6291929588826172,0.5539948220376832,0.34327061675290615,0.5216312192069856,0.49182402451265406,0.5557312840462536,0.5311761831696684,0.6267201008247814,0.5938846320111127,0.5797519731636767,0.5946832656947909,0.5699929082888608,0.5944446483614896,0.5519123803937982,0.42229050284738756,0.6214906580619002,0.4911599751189507,0.5341905933226526,0.3201403217933786,0.566475052155551,0.3415825941105399,0.5809436664528077,0.35560865639986083,0.5202740851645273,0.7060201119445019,0.51117037707082,0.31797789764702,0.5614799554926716,0.5966248286043117,0.553684352255448,0.6003632194784305,0.5493423406066225,0.6026016814861099,0.6236661164684705,0.6238013910912613,0.5566270554007965,0.6125228454873513,0.5658881548620208,0.6152728123363298,0.5749030414376943,0.615343246722313,0.5838987462648005,0.6124754170573965,0.589794657606638,0.6085368702886635,0.6414829239050337,0.6386807214513619,0.5865509756389338,0.5967488924725675,0.5171539064856866,0.4751303712703193,0.549324342918091,0.4661277624373845,0.5411408452557245,0.5000417444865559,0.5306163104251538,0.4725387890779784,0.5188274284351976,0.6204878482567502,0.583606719909664,0.3741544340492927,0.5693145275293603,0.3585628064604862,0.5352563753974604,0.3324244516687126,0.610484337864321,0.40280711343744546,0.5504650820992816,0.6071769121256311,0.5351911495816517,0.5655094895972674,0.5121179657491222,0.33040440982080577,0.5515444673954091,0.32907209137862714,0.6310964412435923,0.4848782788807876,0.5338979650769788,0.4310888890771367,0.535415321749531,0.42679725483182585,0.5368626599780475,0.4196705551740263,0.5380477257562966,0.4103979468318908,0.5405803155590257,0.39484220313672047,0.5467394577110672,0.4285048112759774,0.5500419613233072,0.4298222297278379,0.5534737773201436,0.4323152205032904,0.5649435053469746,0.4423873777820694,0.6066863569255556,0.4819435273472037,0.5351535003552057,0.5831920391944978,0.5403149796077158,0.6167912437609591,0.5462751146517455,0.614139825876209,0.5447027723971914,0.4306406519431256,0.6071976953454449,0.44159805627475257,0.532155079495138,0.6173000786843899,0.5462213384596482,0.37835482388123576,0.5188554317441556,0.5607662942883482,0.5284137840793834,0.5744142718485135,0.5188599740359641,0.5783864262277267,0.5415660051360847,0.5390952882051875,0.5129661865613322,0.3487351878062048,0.5135864795175167,0.3707168812488155,0.5301647883547544,0.3711765165909683,0.5708901695984001,0.4054496060386573,0.5599288122007963,0.49497825800059503,0.5596679300194896,0.38954637561938743,0.5844045777042245,0.49659451043797476,0.5696680772089578,0.4774551599117335,0.5925761826810462,0.46882661455159236,0.5335936290713322,0.35032535794342023,0.5469478687339386,0.5300474705627005,