{"id":12,"uvs":[0.6545760610815715,0.03340127908209323,0.6529281186117301,0.07724488475341185,0.6548800073818346,0.07168514439469076,0.6647789423160844,0.14899340363471913,0.6522436417855003,0.09382671160261347,0.6521482835769193,0.12269082882286197,0.6526223716995723,0.2062711346337054,0.7640994909728228,0.2401997531897878,0.6524903065779969,0.28311706608871745,0.6520578489978948,0.3140828017841344,0.650513094762756,0.4091469619349115,0.6546745774864455,0.026037772813255478,0.6548998483525461,0.021329165745525125,0.6553501055496653,0.020627600298425586,0.6545078396747197,0.025081899600511992,0.6543571820643479,0.017903752137983786,0.6545910199056881,0.009600572096460924,0.6551976947309005,0.003130378627864694,0.6569903746906027,-0.0018855242678599282,0.6536650940288388,0.07218653229611893,0.6671465457177284,0.0791786160918363,0.8207747616415059,0.3597544283201115,0.7158911111914257,0.21758311504408367,0.7317402196768341,0.21645405416979202,0.7473769251665159,0.21910650388057695,0.7688708703614124,0.23872941212287968,0.7036324429935485,0.22192091487351417,0.7441863117032488,0.28359307481279616,0.7260512690385695,0.2794930370541272,0.7601782360006175,0.28172196021740126,0.7700575226918251,0.2742567030228418,0.7800661052669845,0.23007119844964674,0.7053842790633548,-0.012420325112290964,0.7706822238926976,0.2500118110747309,0.8248479098513903,0.2731338794469692,0.7976786991092835,0.25582971650946984,0.726930871580636,0.13133001428110813,0.6711027409320454,0.036552920840361325,0.6681540439802356,0.022701019287992397,0.6872199764325481,0.035399920070872004,0.6961554005253077,0.03492172140957028,0.6796625479027528,0.024488735827610575,0.6878455945582888,0.026713338669712594,0.7139484115280124,0.027730806667760732,0.6642547910745039,0.07888059877880693,0.6660923328356452,0.09501266380317996,0.7922785125307359,0.3069950390124726,0.6985547238141673,0.17790838717903845,0.6968950698033136,0.1001388529945515,0.6982499352171081,0.11331343998392529,0.7723615104158514,0.14681431619300245,0.6654944748749263,0.12242814596270946,0.7619730920073213,0.3226340909750032,0.7804344643537461,0.3189543977056519,0.8080511781135382,0.3849565107726234,0.6922790771847015,0.29343880063236016,0.71012005409566,0.26881059418033126,0.7245383571155893,0.03983019194156179,0.8000180680927776,0.12074237563877721,0.686735277050087,0.09014514550901287,0.6757796245599311,0.08266285328289624,0.7064038420870546,0.034639258763672576,0.6996167463547274,0.03349478889296653,0.7889467859086599,0.33687168190751937,0.6968311632952855,0.09615670478019744,0.7345615284465987,0.31647993468556845,0.7370869200220878,0.3331096898676469,0.7465874667739361,0.40966330679360574,0.7990458622909146,0.35833756354894053,0.7397994029153026,0.366719066609129,0.8015023879421849,0.32221045138411775,0.8113976436748915,0.33800180373157507,0.6699666548521229,0.02802382392306979,0.6831572175720296,0.028199755013742056,0.6920321328664542,0.030097266542956858,0.683334554298137,0.08717407943784572,0.7025856966614442,0.033569494297880476,0.6977215118767885,0.030257428653333696,0.698757705914574,0.034570870175903434,0.680110238042033,0.08853885651360927,0.685027128755834,0.02882109926370613,0.6768843723173594,0.02524550711181761,0.6665657247450616,0.022206041605493998,0.6727023566534523,-0.00022828214622006016,0.6703802522159017,0.005245416290423743,0.6694208857948185,0.0123063003155498,0.6683007082792968,0.019942866031155138,0.6672527527099075,0.026038285290647667,0.6870328121130225,0.030975180961314464,0.6889463534747433,0.028784995327464258,0.6919421189426096,0.02513785867069751,0.6949344053228945,0.021612106325319846,0.7103527625947506,0.057077314751661556,0.8191319984886677,0.21481835855633669,0.6543880035572662,0.07284976023876577,0.6921875512975679,0.03270356756744763,0.6944981395288747,0.031462242378340166,0.6715693030309056,0.07426513375412758,0.6930215787417724,0.08696686935336084,0.6736434973309295,0.07806210056771512,0.7129778588967766,0.17047510375677644,0.7373951710169915,0.1605807185761443,0.6999092537860561,0.10875224257264371,0.7855448989747327,0.40221742515943104,0.7774996199216483,0.369717732050163,0.7681270354448295,0.3406247274952283,0.7028232283773784,0.017322737503631336,0.6970066326005189,0.32079402923780564,0.6984153665287254,0.35852619709069644,0.7025722372927921,0.41081885772396876,0.761035022299761,0.22678476792189417,0.796027421292217,0.22089469968139375,0.6961800201251955,0.22614921191178305,0.7835505589088665,0.27307934188850824,0.68845535578326,0.18662693175767087,0.6894048108925255,0.10033919986646356,0.8113979840120905,0.21699818541339932,0.7850725529713707,0.19957505807240594,0.7647713620167689,0.18543559871449444,0.7349716455133083,0.18435200653521577,0.7141324830241346,0.190388407093383,0.6998671138825248,0.19667357977366018,0.6670754970786221,0.20371691625278976,0.8072360242481852,0.1744523454882949,0.7959403671998319,0.28409483746180186,0.6606595693625326,0.07334116057595397,0.6959987543864392,0.15353436913099494,0.827973906635167,0.29451002231691725,0.6886244738293071,0.20354387855677303,0.7014940571922598,0.1129827230004744,0.7755293012817532,0.2543836299657444,0.6903270217329567,0.11668024650033859,0.8123839161650334,0.16989135907173747,0.6971942579598784,0.2335269737033343,0.6784412038429233,0.12099118289717503,0.7662911216641313,0.0441750949565779,0.7664017958442019,0.0399337553169431,0.820722179287784,0.19287791121270192,0.7856127433352731,0.07518801493058647,0.8189345478662908,0.30831365613421313,0.7094478889239815,-0.023089018810773076,0.6597400199978596,0.0739206150648527,0.7084203137685752,0.14364049178775673,0.8105115271916056,0.2594086532882033,0.7466835275148622,0.22728852924407295,0.7321023276677321,0.22472426841476256,0.7017629260993742,0.029153716473211744,0.8020551782804599,0.14012387852319586,0.6876855111543396,-0.04340599284489155,0.7260836816702442,-0.010699006587384208,0.7439074090719984,0.009888917660315522,0.6511219457045132,0.3550531260366522,0.6613678351872481,-0.04836338469617685,0.7185860972220394,0.22659301228772466,0.7065326729005995,0.2304855461898323,0.699716793948548,0.23244879797691342,0.8070969166369737,0.29574723176049944,0.7115777374184764,0.24949792996585785,0.7263862860023858,0.25669959763086725,0.7410642096227622,0.25813571700174187,0.7546882510195824,0.2564260560867294,0.7627793802351962,0.25300083275582463,0.8274797850178552,0.3310851143547554,0.7567488953408438,0.2331738936719816,0.654847654758018,0.06085255269619405,0.6995557931197365,0.0621599594774811,0.687208862440851,0.09079954121514855,0.6732148506820637,0.060102511564839256,0.6528422397514366,0.24702406551442735,0.7462699140878774,0.01783012969861064,0.7282266135659945,-0.0021082475109104326,0.6872973189876992,-0.040035204705032745,0.7843909906505315,0.07597232820728239,0.7016815629325439,0.23901065607264926,0.6772243332394803,0.16882795390680305,0.660320965923026,-0.044829784265790096,0.7079901634095119,-0.02967448465702338,0.8135691078617275,0.15319514376162602,0.6783866778085608,0.028372677007546976,0.6801759258044613,0.02444959528042856,0.6821544038176586,0.018665566960711755,0.6839492985161855,0.012188408282076013,0.6891974278118189,0.007088741247452179,0.6945758717421465,0.029846528682483164,0.6989857793044403,0.03173417732540329,0.7033968380161698,0.03552262855201471,0.7191513959541701,0.049011132910803834,0.7816036645016979,0.11688487609604492,0.6778067912091162,0.1960214399576785,0.6874620083337366,0.24946985987626946,0.6958326694667604,0.2478596644947889,0.6916820329026726,0.03211091761600959,0.7801029925211415,0.08484016156756091,0.6739830478158195,0.24697832480801574,0.6979814207047753,-0.001534927038568723,0.6522634768450359,0.14998466472864558,0.6661771801247156,0.17411983558048383,0.6524461677783865,0.17612707331233968,0.6870252212414654,0.13914212326442843,0.6593097785632733,-0.032744138164164216,0.6581211783653047,-0.015857316140271527,0.677591841168935,-0.013227593473222887,0.7293842594795872,0.027741347697069818,0.7142284653039508,0.10241368495408087,0.7153301891982502,