{"id":13,"uvs":[0.5312053513929813,0.3461517536475309,0.5265508255249294,0.39713797165750864,0.5270070606871053,0.3832312660028734,0.5286301036948001,0.44896160143689756,0.5249405490054102,0.41206490783816285,0.5220736064186171,0.43231642616310983,0.5140263807241567,0.4832229893316585,0.5839941302220035,0.5027448714594409,0.5076586655373565,0.5282034213136002,0.5049395458790851,0.5494013932085791,0.49668746248337103,0.6132194310664023,0.5320011001849595,0.33879270613311663,0.5323264140874433,0.3331832274251707,0.5321472837075781,0.33102928962344247,0.5316047228892784,0.3306531397738013,0.532364995050168,0.3242650657694739,0.5331701435119078,0.3163666887840684,0.5338071186005264,0.308267392030374,0.5344821670017625,0.2956999411328147,0.5270109845642857,0.38984202816968916,0.5374154103410647,0.39272232882641944,0.610938668091662,0.5709412929582283,0.554715955883421,0.485796364906086,0.5649698759872774,0.48604149036415556,0.5751247738899814,0.48802398572083205,0.5883134240766883,0.49958006508372743,0.5462011166497536,0.4880920534068549,0.5660912442357859,0.5303739057526333,0.5546060714685617,0.5271578893497738,0.5770847224984752,0.529482569147212,0.5846948855121552,0.5244330780279577,0.5971942294558675,0.4917347702371335,0.5739066219171913,0.28519418396167895,0.5878855829284051,0.507832051999807,0.6235907690424429,0.5092849882272577,0.6067478324282345,0.5061421683858924,0.5746714647311562,0.42415954849163295,0.5449637879260658,0.3514580371191156,0.544514822132039,0.3358355091505044,0.5595671932249321,0.3507118841877952,0.5683899755995162,0.3483693493273957,0.5549550240399888,0.3379730497315342,0.5625250926182406,0.33924034067943354,0.5821063352157575,0.33242544650624206,0.5353479271288364,0.3990940863877912,0.5354418077615163,0.4136118386653185,0.5962017600974365,0.54431761184172,0.5486190232834505,0.4575288831319131,0.5593685883244975,0.40954213626403,0.5591214228460049,0.4180219203813714,0.6027583079917664,0.4336635114607583,0.5321748176188132,0.4326619664144554,0.5725070924922779,0.5577278867410046,0.5859839913923759,0.5539241020642097,0.5986515945662471,0.5932909177738095,0.5303621353991048,0.5378136053224041,0.5454336237761317,0.5196244886069319,0.5889256739558775,0.34746137309670466,0.6263536373555482,0.3743649505705037,0.5525916756909857,0.39981988472383445,0.5449460413140499,0.39305960673772156,0.5788736775821974,0.34351901332603296,0.5735474873394468,0.3427323371140172,0.5898978918402242,0.5647400866535571,0.5603154334437712,0.40366447420115026,0.5546315971622205,0.5546265585336451,0.5552144611873611,0.5661561630920571,0.5563320072850824,0.6170278704480876,0.5947260470244826,0.5784607157374316,0.5548486930340448,0.5902869388135874,0.6011080813573737,0.5526006399824678,0.6065229716534071,0.560390678704568,0.5451531882623494,0.3425197686575734,0.5571152225803288,0.3430044637224019,0.5655602801784122,0.3435678413292409,0.5505327017347166,0.3964749172308971,0.5761974000453312,0.34283091618738015,0.5716874861803927,0.33859284671391565,0.5719697038096843,0.3433160026136828,0.5464517397707489,0.402585276488593,0.5599364581913919,0.339707917401715,0.5523984995893045,0.33683475493713766,0.5430686229013987,0.33383561897311564,0.5488936328933371,0.2992179206696428,0.5478643500156145,0.31211694745334884,0.5465058005008105,0.32047355508241115,0.5447602248720574,0.328227107548111,0.5431587464139416,0.33320510694312877,0.5610482346478969,0.33862321164016196,0.5630548983171986,0.33691723723881006,0.5660841901627255,0.33335647046608374,0.5687542338218634,0.32907791962598243,0.5750331503142638,0.36795809586832284,0.6282771035598341,0.4492064216142585,0.5269151365362336,0.3872785549165525,0.5659156964929707,0.3403906386231361,0.568567264948645,0.33983954934355265,0.5419490127999782,0.3859219416802758,0.5581195584555018,0.3941684395533349,0.543458902252869,0.3893937636263577,0.5599723505122489,0.45154874621030905,0.5773951414219001,0.44512684932432867,0.5611693489328096,0.41226935741010307,0.5815763556065711,0.6092981310423008,0.5785072474399258,0.5892617858947894,0.5748791140474251,0.5695121568519572,0.5732408989487248,0.3204228517756157,0.5310560346146338,0.5576802859519006,0.5299621029720216,0.5851529649186056,0.529070983281667,0.6176270597568473,0.5838147624672739,0.4925812129642898,0.6093369677657386,0.48413843311653126,0.5408093020337186,0.4912747234795014,0.5946449895339248,0.521542407176625,0.5402925582596768,0.46509170096505603,0.5524810103543774,0.4129642932803407,0.6209852784146574,0.4775720721559201,0.6041659583228647,0.47162973421806154,0.5922529539370978,0.4629162628195226,0.572317642195649,0.4613407597373187,0.5575115917326704,0.4647332172141736,0.5466244204001519,0.4694078815516769,0.5242486600526979,0.4814890451211904,0.6237832731993533,0.44664013736677,0.6021053759219505,0.5269363953786911,0.5324281936344305,0.39120686162825113,0.5509897195335498,0.441962214873433,0.6236829462246993,0.5141755295899549,0.5381263363959048,0.4754339949129902,0.5620038392580695,0.4124030862447584,0.5911572382114548,0.5095204062200391,0.5517826173557309,0.42337392469005464,0.6290660418009708,0.4132102978776948,0.5406504765249494,0.49647951700671666,0.5419930278210321,0.4295725834631122,0.612291584084272,0.3298900940830495,0.6115905089825129,0.3155955564639178,0.6315456295558219,0.4478572043148479,0.6223243659400824,0.35321482180010677,0.615212447377911,0.536998244477211,0.5771593918675069,0.271876564441047,0.5314640243675051,0.38851170087830633,0.5612585287176519,0.433160645491119,0.6153147078621911,0.5058539094221632,0.5731332133420114,0.496141447100926,0.5638643819178772,0.4938949118056283,0.5748381363633315,0.33687241498765075,0.6252493026971417,0.41740452232068825,0.5608649534629379,0.24764254188088752,0.5878133607494499,0.27587320664263526,0.5989188454853019,0.2924957488296763,0.5011846610896864,0.5790997076771721,0.5396488633397587,0.23985560684666796,0.5552819419406811,0.4936508902338318,0.547307057057955,0.49499713819859203,0.5426565982636316,0.49589804808477966,0.6084841726637087,0.5322840782034813,0.5483040704964526,0.5052268369003778,0.5569852131946395,0.5093759636078856,0.5660093162270091,0.5113447615090504,0.5752856046879773,0.5112810071096204,0.5815079622511496,0.5095891139959634,0.6190446459743459,0.5462241491040994,0.5794103028939607,0.49923762348899137,0.5281487909832606,0.37132362900652016,0.5656897142983981,0.37371586093245224,0.5524272860465028,0.4018712869335975,0.5440234596268447,0.37273364189581626,0.5106471606767078,0.5057528706632384,0.600711787442849,0.3078231821861491,0.5891990362578021,0.2901767912305454,0.5609666369954697,0.25668081176900015,0.6203829701256703,0.34125569856185733,0.5430879469401836,0.4996947678154747,0.5350110488442886,0.4579768314268464,0.5391553979047327,0.24921008595422667,0.5759125030758796,0.26030207753547985,0.6320127264664777,0.41508967263452856,0.5530107669690061,0.336215096502261,0.5551158200997645,0.3327429819956178,0.557539986931481,0.3269472565524171,0.5595873500127682,0.31958249871392974,0.5628186309830328,0.3087468928829553,0.5692731335036563,0.3411608943639157,0.5726236200932193,0.3433773570184986,0.5756250378936477,0.3467819744064692,0.5836480220182274,0.35904342555055513,0.614008926062143,0.40492938777273224,0.5320417448467887,0.47404005291742557,0.5321813614875499,0.507189763698483,0.5379984348463569,0.5058252941194914,0.5661628384740052,0.342372445001642,0.6176542849174216,0.37128153512959094,0.5241932797159436,0.506219993999364,0.5682255093220466,0.2978197398803304,0.5193314901592827,0.44940334091242506,0.526851421837949,0.4641096969137969,0.516825685182011,0.46528927295425104,0.5460790256652528,0.43630908790358336,0.5378696160545757,0.26370735093178777,0.5360258581472567,0.281121693724657,0.5529886926372003,0.2858087910590974,0.5901005814694815,0.32978960131478197,0.5717547299503885,0.4026267303589932,0.5804207756577211,0.31237488779529676,0.5921626876367081,0.4104154682348412,0.5818369311392235,0.3900430584788833,0.6027970419733539,0.3895349451269011,0.5580654343580473,0.2700727014457839,