{"id":15,"uvs":[0.4924097593390462,0.2939657244522942,0.49534398731908225,0.34417193465725393,0.49205179445321134,0.33028553009278383,0.49937593033248573,0.40506430198961985,0.49512429654971124,0.36122354979960214,0.49295331580182933,0.38540141804441985,0.48560417529720035,0.448215994404191,0.556305970013736,0.4651278054704253,0.4818242309294051,0.49618885560718784,0.4806291154556318,0.5205699335149436,0.47514833180879823,0.6086932257796489,0.4923690869476731,0.2863619980782567,0.49183844940386845,0.2805285422955728,0.4909667766844362,0.2782470839188589,0.48998371323348067,0.27783546576872276,0.4903353556261223,0.2715924699152328,0.4904878250618009,0.2632659580232334,0.49020965056686194,0.2548615622253334,0.48953066187368843,0.23922998781208582,0.49440540986871073,0.3362445814912548,0.5030371972766082,0.3389976195753076,0.5896887348613604,0.5471518667513275,0.5248358535218558,0.44849657619838856,0.5355005282248839,0.4475976500493303,0.5460928581526185,0.44897131026252746,0.5599668881304876,0.4609774715776468,0.5163832758602883,0.45206341583276066,0.5412111777549631,0.4945531163849263,0.5295386328126573,0.49244177192868555,0.5519540744147773,0.49299422459827114,0.5589387415676805,0.4876918881303708,0.5687510910424936,0.45161035645587355,0.5266021968108172,0.21841590674086542,0.5603275749856815,0.47062970067933096,0.595935553800746,0.47150137330347186,0.5800463845228668,0.4673756473795234,0.5384271046558056,0.37454233482917754,0.5043554023599466,0.297288064534733,0.5014679868240389,0.2814327560475727,0.5155738901648667,0.2934932199315584,0.5213441696336562,0.28829992044765196,0.5093459142303153,0.2813402448437341,0.5146271786968901,0.28018555599521544,0.531882989748153,0.2688301989569183,0.5038693248701855,0.34525328534535316,0.5050807509840841,0.3618692648537265,0.5748579354934991,0.509264634104033,0.5162310039444693,0.41647114924294804,0.5237808322544864,0.35661932386549133,0.5234409112481189,0.36696075678206597,0.567769825722332,0.3827750161424116,0.5025485542718771,0.3847059587320756,0.5518008675611783,0.5232363741272905,0.5656203852145637,0.5195323409426811,0.5800987178550318,0.5744563864848851,0.5055457999142987,0.5031297213199137,0.5192143489342125,0.4860786823087927,0.5399213093614146,0.2829107830723052,0.5842962861392698,0.31431175395822797,0.5160955914317962,0.3462326558635159,0.5083096843703592,0.33979601822146055,0.526472202806781,0.27955891611628625,0.5212250519217583,0.27967449977984205,0.5708963068835264,0.5329616167385451,0.5230261886235095,0.3504367804945898,0.5324522669303562,0.519500657959058,0.5343365130854387,0.5341885049787476,0.5392862451281623,0.6059727470449554,0.5758254499500748,0.5535806431374771,0.5359376024524719,0.5699659644846156,0.5805446443535296,0.5195845484937147,0.5855346675992144,0.5320855472694352,0.503311971282016,0.2879875749546166,0.5122826501468014,0.28589525303675245,0.5180399028701361,0.2837790955624754,0.5134515025465547,0.3431155798697044,0.5236550066883809,0.2792761133341082,0.5203717752054593,0.2775419632026048,0.5203520622300197,0.2807900399677039,0.5126285432805107,0.3484469486046531,0.51198104181932,0.28100049811345107,0.5064878869232259,0.280610293113865,0.49936339692535514,0.27929513268719375,0.501686550836254,0.24149989488565515,0.5014862977918884,0.25692451205054057,0.5009826884490609,0.26596017732191934,0.5002131047373157,0.27372322355222933,0.4990934974244312,0.278731858759278,0.5123768418663284,0.280236241539787,0.5139984793061829,0.2784644452116395,0.5163701263517975,0.2745168020490766,0.5186715237919552,0.26970888397525383,0.5315342311637519,0.30858222244126166,0.5927823919575026,0.4015046266847414,0.49324373310332226,0.3338728404683131,0.5156899734997573,0.2802223426756416,0.517759648070944,0.27935555598771833,0.5052369955260513,0.33216852959396226,0.5192671026925649,0.34039050938517135,0.5068260807329787,0.33577998045859114,0.5264126501439061,0.40828160515046996,0.5433912127769944,0.39884640030928664,0.5240820437490267,0.36076722062192423,0.5645994557560807,0.5945768393871298,0.560420995831816,0.5671255671907813,0.5554128731250578,0.5382277201970922,0.5239319177488873,0.25880678132736434,0.5085034075578183,0.5263087929893809,0.5093033467261175,0.5670336055016191,0.5105158220122703,0.6098666859627473,0.5551359085362566,0.45336777853917487,0.5801806906541886,0.44164090519542554,0.511358331026657,0.4560128844590715,0.5696448571690168,0.4850405672600402,0.5091167696094552,0.4259328049482147,0.5189259686056675,0.3599901184280203,0.5909966872284705,0.43310433891839295,0.5737633067370641,0.4270311549754233,0.5605624699012441,0.4179660102607716,0.5399774299418235,0.4184407761643296,0.5253400177260705,0.42422257199775126,0.5150774039500123,0.4307080018331899,0.49567807390750884,0.44514036607613516,0.5902207807272306,0.3960454429766953,0.5782124923745477,0.4904457841400722,0.4996821648994352,0.33713750987092117,0.5170238476724214,0.39731091192425383,0.594968573875465,0.4784109837253583,0.5073243143069436,0.4382333925194811,0.5239897998245937,0.3614632566304333,0.5638063088148626,0.47182604615095225,0.5180144523216261,0.37292638044791726,0.590355433529521,0.35918473591680233,0.5116957166381456,0.46209306878659395,0.5106777916186411,0.38060023942646837,0.5686114810079426,0.2633879944708335,0.5668476518929985,0.24735256430896424,0.5973858115176378,0.39795794694017816,0.5797932754772717,0.28939551661528584,0.5911461939203333,0.5045259335812016,0.5303178896358904,0.2012210814976213,0.4976222411813427,0.33468695947390303,0.5257016216807138,0.38628387578405965,0.5883116234447948,0.46664201113649484,0.5451268044737376,0.4581888837354491,0.5353023436675244,0.4564332907019504,0.5232059159084828,0.2749490554184647,0.588066060520001,0.36188877432980515,0.5126443192800774,0.17410108308392835,0.5414173919279988,0.20344243901611891,0.5535252668511603,0.2216032840300879,0.47811363229521453,0.563830530019838,0.49000977786267785,0.16715827641699932,0.5262583062820683,0.4574401310424575,0.5181900920221656,0.46001656980091843,0.5135956178976029,0.46136390035795016,0.585047629279316,0.49683512463665047,0.520289895703878,0.4725546820060692,0.5295841225350468,0.47656287670600206,0.5390585987202208,0.47791055861486376,0.5484630892852508,0.47651839802444185,0.5544125595945202,0.4737538429004525,0.5945518199189692,0.5170121078908443,0.5516139387356962,0.46142484546629436,0.4916965848559901,0.3191923494953117,0.5241430865782973,0.31670090618152835,0.5168261616691849,0.3479597932813535,0.5056497468392023,0.3190348269089265,0.4830691994972435,0.4733551500014197,0.5560632369040307,0.23916647536287905,0.5434906931584085,0.2203143439412918,0.5133743074384935,0.18621835816712085,0.5764653280179193,0.27630017678538676,0.5143842875325739,0.4661721194851818,0.50456683618192,0.41665566747050253,0.4907430973183473,0.17974475867201933,0.5286017385567472,0.18681861231947194,0.5943671351252342,0.3598210952753035,0.5067483909740116,0.2800017615910886,0.5082357816775193,0.2764534511158192,0.5098157516022359,0.2704244060632536,0.5112697570607634,0.26245167027250305,0.5140676871606382,0.2490474196903929,0.5185269969547378,0.2793445802488401,0.5220374491687731,0.2808877646161829,0.525371090231265,0.28402453908686676,0.5371815070166664,0.296903285309408,0.5754137662506085,0.3485032089728892,0.5022218172033083,0.4364638682425831,0.5042007011416674,0.4738739736356147,0.5100583065215687,0.47237341756064066,0.5161393123290361,0.28145555128972866,0.5759614961871697,0.30995610096318815,0.4967608744952624,0.47252510730222996,0.5201785092044329,0.23445162538491138,0.4904380040589812,0.4065703578768014,0.497869559914657,0.42393857921919087,0.4881471665012841,0.42643852899274604,0.513024627689191,0.38985682983027115,0.49085325069438523,0.19859694800536987,0.4901546018592102,0.22076787110089402,0.5054498246776171,0.22418610583927023,0.5433223023047937,0.2650103474019716,0.5325608113226077,0.34956765261337375,0.5326567737621537,0.24800446473052762,0.55448220026683,0.3568785626985318,0.5415541268710811,0.3338776209873462,0.5627836406241634,