{"id":16,"uvs":[0.4951602279272319,0.3079372810420138,0.4953274852595404,0.3401983936082087,0.49576394032343785,0.3301717210495658,0.5053012425451748,0.3808790408247381,0.49594680656777623,0.35242044743517686,0.49713976652294223,0.3690879631072219,0.5002648960883058,0.4095840050801689,0.5642951844548265,0.41363053525647353,0.5019692486741993,0.43896354111087754,0.502587642105534,0.45496965643669973,0.5062125129699475,0.5164713404326527,0.49506215523207686,0.30273665575194,0.49492654307882367,0.29891543248547614,0.4949721949365431,0.2975947548787664,0.4944440075552856,0.295930436294525,0.49411583395809167,0.29186694812232994,0.4937808492592619,0.28622727106018897,0.4933690908326931,0.2798824245719048,0.4927258543298725,0.2655272895000008,0.49526054930422514,0.33419316116857656,0.5036857625489433,0.33511384415167544,0.6024687620306302,0.45879029367385693,0.5373661678364099,0.4042875945682616,0.5459924291756819,0.40301004372143123,0.5546422957982657,0.4029240004851721,0.5674973353749612,0.4094465991779822,0.5305283761482985,0.4070542772502155,0.5517054107973787,0.4348712726332019,0.5420774394861883,0.43422907083816575,0.5605725066606607,0.4325809164369533,0.5664603338010755,0.4279541827963915,0.5740678446227511,0.40093651754202797,0.524031998327747,0.24111306990879133,0.5682904126812168,0.41706899610681913,0.6036371494721626,0.4059071739845699,0.5850531436084552,0.4084565700195151,0.541910345880795,0.35383120662202117,0.5064062235281352,0.309020197427311,0.5047568655200689,0.29853423269171053,0.5178575931804736,0.30558993905851106,0.5250486940871305,0.3017215303003804,0.5131909037340854,0.2978615632852776,0.5196093144798487,0.29682649138727013,0.5340187117311942,0.2844122499639232,0.5024022950030929,0.3399941292897122,0.5040973985665432,0.352022111135449,0.5797851865027615,0.4381110115096577,0.5253073380635063,0.38407202667088136,0.5232432189387992,0.34522229044537545,0.5242991292377849,0.35212611933995164,0.5694638439281626,0.35492117526317624,0.5047505766714981,0.36751956177610345,0.5587449811866108,0.45076944067014213,0.5711088341607666,0.44667893109891543,0.5932819616526461,0.4800176424266094,0.5202715944056333,0.4411306214285914,0.5337157237299732,0.4301367516794493,0.5421325713565831,0.29455788144364303,0.59201940493137,0.29202787463354074,0.5167088332270762,0.33866139426983977,0.5096644802944736,0.3352244643934015,0.5326573756554899,0.2958243203021784,0.5285750748973546,0.2964317004646937,0.5766359893412232,0.4544008539316573,0.5236256147617342,0.34099973801142647,0.5420891018614048,0.4498858839742682,0.5442040685009618,0.4594933643134155,0.557005656036212,0.5083704227454895,0.5847664781647224,0.46742618583866613,0.5496240397709174,0.48458441795430696,0.5860652390879889,0.4434674796603145,0.5941421302974771,0.45038706720143395,0.5056863639245337,0.30275787458573533,0.5151666764914429,0.30071704285596534,0.5221870322080409,0.2990892005223629,0.5147161561311437,0.3369417629225355,0.5305421397033232,0.29613028682667664,0.5259735108950365,0.2939164438871311,0.5277541411307676,0.2968208045781977,0.5120417784582789,0.3404834771910835,0.5182615916458044,0.29772759570276885,0.5117192027761133,0.29775346307541395,0.5039132719318528,0.2974373802198512,0.503893689390959,0.2656359343644845,0.5035391469339073,0.2801021088662803,0.5034671454615105,0.2868212055331737,0.5034691823038767,0.2922495387381463,0.5031928438762099,0.2955386420516932,0.5179446774903773,0.29563633178779436,0.5189810084327475,0.29432869192401345,0.5204125341406652,0.29144726747054106,0.5217536241624754,0.2873557616343825,0.5333203052578614,0.31254744360682873,0.6041709885147395,0.35306920524285135,0.4954359830729145,0.332402066855338,0.5224696102451145,0.29571077977081783,0.524061955596286,0.29539012298451506,0.5066052162604113,0.3304162696138343,0.5210187609117594,0.33459178956612823,0.5080771340469821,0.3326830269560861,0.5339692599710784,0.37746424688422087,0.5483280557575443,0.36939689377754503,0.5257280855440212,0.34758312804719416,0.5789454481086614,0.4968838698799313,0.5706513660751589,0.4793351706753264,0.5624622462672633,0.46018060519811355,0.5260270172568309,0.27627595196120325,0.523704473091597,0.45658658277485054,0.5282323471629593,0.48572535240773185,0.5335927778701628,0.5141960453887104,0.562644003603399,0.404801324650366,0.5834983309706323,0.3919107380029764,0.5263518374450092,0.4100222788242951,0.5756582120525707,0.42316141131425744,0.5195256312239784,0.39138710588413694,0.5178106846958199,0.34816136333074266,0.5935830269262733,0.3831500946007407,0.5763573092159925,0.3840199977975194,0.5640864396699257,0.3802019358226483,0.5469194255883423,0.38268455091778164,0.5347888854783127,0.3877904416934622,0.526316228011448,0.39323188486068683,0.5083454403419206,0.40632012887425495,0.5916096019062497,0.3581640633987666,0.5832094809638881,0.4246181720369977,0.4996269586454858,0.3344252967538359,0.5236525138697179,0.3717330582706745,0.6083146180571193,0.4078735377357595,0.5200815279170927,0.399313248625501,0.5270450262281715,0.34753837045543623,0.5709619884134861,0.41606749403261345,0.5188066944255236,0.3568530305461395,0.6000572951851584,0.3230685485609843,0.5271379457937496,0.4145044742837245,0.5119722128901969,0.36337710293691083,0.568482038976676,0.2641779932322076,0.568349080150443,0.24935660830850348,0.6020172092670072,0.3542396191591435,0.581681085253065,0.27983365094940094,0.599332087799854,0.43010924983877896,0.525769979381995,0.2267211835550279,0.49885900179157205,0.3326227903361384,0.531195020741282,0.36334403443533003,0.5932013060128336,0.40584395919001837,0.5543553206832637,0.40998290884823085,0.5464491947293642,0.40956473930751414,0.5280691383173683,0.29167073435987456,0.5899046396879947,0.33362215347350554,0.5087982779528435,0.2097103599146788,0.5382177119461347,0.2241616353954673,0.5520797662644424,0.23419426553788036,0.5044055456450844,0.4863332172060122,0.48999831607384126,0.2086223575489915,0.5393060014284604,0.41062471618457674,0.5327288824833737,0.41250652345655536,0.5287423792993929,0.41353798351027027,0.5904180500854312,0.4269756990061362,0.5353491520856617,0.4238429049557456,0.543128945041647,0.42785113694332433,0.5509587831355429,0.428659438243863,0.558722874140164,0.4262643551004629,0.5634309403451606,0.4223422455105664,0.6072612396709081,0.4361721238506834,0.5600608037505912,0.4115931770372464,0.4956338934707597,0.3233457120254264,0.5251479721526825,0.31874639867436594,0.5167847030881194,0.33980583658935615,0.5076607773737827,0.3222152360615117,0.501374649157557,0.4249047865730933,0.553665539501577,0.24937168485454264,0.5401465679890214,0.23777225204217756,0.5091057176320872,0.2196777447140582,0.5809790538699781,0.26734020897657196,0.5297133625321796,0.4180519776499253,0.5127101597178269,0.3869060479847607,0.49012972289290213,0.21866147683513615,0.5241787272823515,0.21544458685566537,0.5986211359293427,0.3271632998655075,0.5111268282282645,0.29572701748081154,0.512033948033745,0.29323836896671074,0.5126700055828545,0.2889653641638844,0.5131473144594152,0.28269829907050437,0.5159141223337773,0.2696370683871875,0.5252221223905141,0.29644463374104746,0.5277953808616266,0.2972220051352916,0.5304819506032175,0.2987945051904849,0.539752916760567,0.304392608560513,0.5769069964147493,0.3281476799517674,0.5138050225607357,0.39952728790328107,0.5202436595589548,0.42258616753156386,0.525866641989387,0.42120084061266405,0.5236293822496524,0.2979068365969343,0.5776174725345569,0.2986188922017591,0.5124958571780466,0.4227255791972515,0.5203469586882237,0.255605481543679,0.49820013313772704,0.3828866574971024,0.5068793250932946,0.39289860669791044,0.4991908062560362,0.3957095712655374,0.5175448060210932,0.368071405070713,0.49083631133741257,0.23307406841767597,0.49188589458031584,0.2505150219839296,0.5059173146102312,0.2504868186874718,0.5426487181385607,0.2769920546507514,0.534491144444705,0.33833256887570584,0.532258625782418,0.26447082132245314,0.5562444917514109,0.33939709724857736,0.5430064025088283,0.3265359913614838,0.5637563017623853,0.32005788740200614,