{"id":17,"uvs":[0.5365385727721985,0.26285868334797513,0.5392426771612486,0.31865988776336396,0.5375060225172553,0.3034766897263388,0.5480637359049851,0.3939323974551938,0.5388194439932064,0.34006572575623517,0.5373768616114459,0.3704703967546128,0.5324480756990462,0.44696831366963385,0.6356543850337688,0.4682805501137275,0.5289942694567225,0.5111670050355053,0.5276422745587678,0.5425527936001964,0.5238169039287407,0.6526233985212684,0.5364276443467957,0.25343137842195373,0.5361600854850979,0.24617036729175423,0.5358402171866716,0.24337489029977977,0.5355745748648768,0.2349852929588896,0.5357774410767464,0.22542291587977037,0.5360604859004541,0.21348844260032096,0.5361554121178415,0.20188608471231384,0.5361731953228197,0.1850733186455481,0.5390640210046966,0.3090213476729061,0.550907551442993,0.3131493212278731,0.6893594496853546,0.5698236302187645,0.5920198693957679,0.44656666066311845,0.6067211238806942,0.44566660619077536,0.6213177663685767,0.4477018538757719,0.6413751401102156,0.4629406612809551,0.5803307321690357,0.45102866451154133,0.6130394223424882,0.5055297349454811,0.5971720875061818,0.502584564673497,0.6278205676675537,0.5035466643664167,0.6376654440692475,0.4963855121834355,0.6536160519649175,0.45080364538698414,0.5881087071143857,0.16176771658116418,0.6414581284817858,0.47479132705378124,0.6963931970423735,0.4747170511772667,0.6697547590728898,0.4700459510169118,0.6075612523878592,0.3554935196328053,0.5538329658127921,0.2668334167765899,0.5506304252934053,0.24722584870063746,0.5706475597105176,0.26255300712790286,0.5801125786122782,0.2569487431753078,0.5624638359398606,0.24734901351569683,0.5708491612161268,0.24670043072523506,0.5964193346151748,0.22921783519717565,0.551010082133732,0.31985351426657604,0.5523766754904447,0.340883800857672,0.6597660937094364,0.5245362351703595,0.576854395376871,0.4070112274147182,0.5804203716736631,0.333905564556609,0.5810143901188439,0.34674513444563326,0.6515991734757407,0.36445741741842896,0.5505233039879273,0.3692068175679839,0.6264540748617285,0.544344847476248,0.6459338910072893,0.5387432051858215,0.6744142348241257,0.6046163911904796,0.5627800597645186,0.5195012722914578,0.5835476203102752,0.49377336515726356,0.6071760229319161,0.24904887441233392,0.6779920007296426,0.2816713776542885,0.5698659059515533,0.32156537134283414,0.5585706791132947,0.31421171857673946,0.5901143419068204,0.24723794320237946,0.5827350909050468,0.24727923323727274,0.6540223267119272,0.5553917758192035,0.5800367934862076,0.3267618001923701,0.5998312900225613,0.5401706154636258,0.6021700384211987,0.5585024731982255,0.6141199730095771,0.6471068400781667,0.6646331337892281,0.5796661816509805,0.6065969180949129,0.6022628103890401,0.6689767364182746,0.5371965331058919,0.6796115246181703,0.55177264713131,0.552554605146921,0.2555631549997508,0.5662453823372103,0.25328567914156785,0.5756073850131299,0.251449679901134,0.566097890435111,0.3180255759599523,0.5863027934439127,0.24684545187822615,0.581406173327076,0.2407381962816192,0.5812077062834964,0.24848597840294095,0.564525402424791,0.3239621885484848,0.5675081626583169,0.24801805687980227,0.5591594426404227,0.2466304634375619,0.5484672630538966,0.24466549655135728,0.5545250031921611,0.18728576815960696,0.553319681674102,0.20486761152262145,0.5524152636003195,0.2169201201918649,0.5509665646813221,0.2285178964353719,0.549258878422139,0.23634886569557212,0.5693170061485509,0.24192754289728413,0.5718894389580925,0.2389841275585226,0.5754103308341849,0.23341841405790842,0.5785871930521513,0.22663155240931732,0.5943347970495241,0.2793875301330164,0.6942956642689123,0.3887342789563789,0.5384467780050738,0.3069775692612937,0.5746291627735014,0.24407456887153445,0.577669959497574,0.24301235684586975,0.5542794758361448,0.3053248835470186,0.5753545832818003,0.3152034120784476,0.5563793521040907,0.3094353010108163,0.591965726817598,0.3969905525636349,0.6166565970585931,0.38509242509954,0.5827070077529977,0.3391962741315665,0.65085875013418,0.6310259631518564,0.6415942795985106,0.5977971214762958,0.6317636632278102,0.5629976724200081,0.5862469028531276,0.21315985217888112,0.5665243904042268,0.549181156393209,0.5692600187444872,0.5992136890646499,0.573202436117765,0.6531897191424385,0.6341049884203862,0.45342664367621155,0.670077467956991,0.43775449226266727,0.5730530563335365,0.4561142238673034,0.6533398395973927,0.4928973001524283,0.5666177494348077,0.41885424585406694,0.5733031066761809,0.33816359118742334,0.6858041348419359,0.42667658672111586,0.6604645508488216,0.41985745204246117,0.6417216655640862,0.4087268639121062,0.6126573692477592,0.40942263522917666,0.5915895782586935,0.41643916439109807,0.5766810184699478,0.42467436945965,0.5466731141024522,0.44293862036841025,0.6842506495650569,0.38072256843305374,0.6658400546183088,0.4997364082597354,0.5459691583968204,0.3103031142852696,0.5762046758538126,0.383706845696666,0.6993910111502233,0.4840204303462413,0.5657169078059695,0.4343051601343071,0.5839850681571792,0.34013688870929415,0.6460822053616688,0.4761917652578054,0.5732689851737586,0.35419638299181366,0.6886231957818916,0.3367129907240798,0.573420332970993,0.4638632061227854,0.5623819432781563,0.36379200165148706,0.6481281168143199,0.218530109199776,0.6466606187745629,0.2003844085470181,0.6965995063197744,0.3833402820168791,0.6669411511819013,0.2498382521370731,0.6888872883325998,0.5165140870113418,0.5909619188032285,0.14311927257452772,0.5438893479316564,0.3079740988832863,0.5890766604433391,0.3703590223833405,0.6824889228940981,0.4690837952666238,0.619832069195404,0.45958086288618627,0.606526563493091,0.45709478628678246,0.5852506614858509,0.2376103873038622,0.6810365763345703,0.33867376417305894,0.5662409565921607,0.11426322458258453,0.6063224874287049,0.1488382852043516,0.6244083730738696,0.17003619646864498,0.5258535124239052,0.5959817261815552,0.5374808410969993,0.10784169337683924,0.594239495534386,0.4578864764473277,0.5829984327645399,0.4609049263804633,0.5763100585272893,0.4626508607525084,0.6767169783861935,0.5075696624818518,0.5854996412760334,0.4770017049188412,0.5982330243489129,0.48259638099936975,0.6112298437914975,0.484283948008858,0.6242625429019323,0.4825760719711937,0.6326643823579965,0.47884682490092667,0.6975453085067458,0.5320140041925449,0.6289679785499974,0.46374639262622364,0.5368863340565182,0.2911779298772752,0.5823333817305986,0.2883582762951665,0.5706435353464558,0.32360736767190734,0.5557078616148834,0.29080533408885356,0.5304890322501541,0.480269197753154,0.6278937885829976,0.18970666809185577,0.6097883353705897,0.16675285124429196,0.5674081753947835,0.12484985478533628,0.663762711371643,0.2353387792421633,0.5772043690699393,0.4688391467756722,0.5578157342835706,0.4077786166133184,0.537607204107127,0.11857318250458804,0.5878588348851967,0.1291887714366431,0.69152814857448,0.33637914213491715,0.5606073722801527,0.23921267505902266,0.5630714083838702,0.2337019903060078,0.5656682552481271,0.22481213909994846,0.5677047712405481,0.21383333284102757,0.5724355694190579,0.19813769325181207,0.5778017213103999,0.24702367278975923,0.5825782436752792,0.2491104740183573,0.5871280637191887,0.25272885705269366,0.6033094544545491,0.2661608423024162,0.6621513837711971,0.32208327992223684,0.5566052347293,0.43209643705796996,0.5625785025138106,0.47951693512416704,0.57111789962608,0.4766036725956879,0.5744853464677879,0.2497118434873672,0.6615045751900394,0.2749509977709975,0.5502913478987769,0.4785716481301001,0.5808964448470231,0.18071256117263057,0.535542877356565,0.3960591549365232,0.5477212351580993,0.4167660654180889,0.5340192796315193,0.4201206403155846,0.5686491513434677,0.3748284552898853,0.5373507869285892,0.13773118675374363,0.5367543726980768,0.1629038725374874,0.5595919965624077,0.1665612475948477,0.6110121124589651,0.22274964853744672,0.5963583705839713,0.3257871674431232,0.5973628579628598,0.19952480860673028,0.6309282077148828,0.33332557079355196,0.6100194564269907,0.30717137463644717,0.6419426000201613,0.30243166958009604,0.5649125545902752,