{"id":18,"uvs":[0.5527105594044666,0.1701751330203789,0.5534975531098943,0.23476978904313395,0.5529881416712845,0.2167615708360856,0.5641997939848865,0.2989356037706208,0.5534490492433704,0.2542402692746103,0.5532344334797872,0.2803027891651225,0.5524148544525449,0.3444320589623222,0.6458782808787551,0.3534117570441856,0.5516195314650483,0.40517703134288396,0.5511390915946122,0.4343365587824981,0.5503625538451943,0.5225447389074359,0.5527382433167258,0.16051824765399592,0.5526737008869298,0.15280964958451015,0.5525651764872128,0.1494693884889533,0.5520881328484223,0.14199566260888918,0.5520717010047591,0.13227649990933554,0.5520928373777763,0.12068664371181781,0.5520411365364899,0.1096699540280679,0.5520380000550575,0.09768641583424476,0.5534037622939739,0.22548459609587868,0.5642694268202961,0.2270327075006735,0.6924780129309707,0.437809436590033,0.6081706774088409,0.33571638929176995,0.6211145025700463,0.33421084948284285,0.6335586988239315,0.335604336532625,0.6509058553289792,0.3479959145566167,0.5974677912377689,0.34071505396623436,0.6253873253375799,0.39164124718686766,0.6112771501940947,0.389231383899982,0.6387932591215948,0.38898201579617353,0.6477126886930709,0.38135062757651517,0.6611734767423236,0.33637212260315597,0.5975586389463887,0.08019305390006015,0.6506415742397096,0.35890045877310506,0.6981185604753419,0.3537136544241096,0.6749462192350107,0.35372566095507707,0.6177812741569045,0.25514351439029126,0.567806854819634,0.1734267621114024,0.5653533640612096,0.15330179856963289,0.582878846175674,0.1678455620729311,0.5919129710646363,0.16111752340767116,0.5759039200868683,0.1523938336856704,0.5838162145399526,0.1513676513108866,0.6075008816706611,0.13472194524042536,0.5637991978882106,0.23539358064188887,0.5656721230028808,0.2540165788894434,0.6677735519616939,0.4089419605559914,0.5920453169787694,0.30285975647990215,0.5916196228704735,0.24144346718672982,0.5931787143366731,0.25192775557056335,0.6566154090295705,0.25926457582315043,0.565096619632256,0.2783293150656885,0.6389642327959686,0.4321341219602186,0.6558697301960708,0.4245510246700943,0.6799942826629988,0.4714716669014447,0.582249243375285,0.4127997852126638,0.5992569213683945,0.38103130634103766,0.6164647196833675,0.15299041855295115,0.6781769619600885,0.18133433396948484,0.5818751682420711,0.2309177139752474,0.5716724356393181,0.22474299921116248,0.6018676775382277,0.15029846269486657,0.5951413523934911,0.15128918401415903,0.6631969874763548,0.43889491386554813,0.5913454471232087,0.23327467844727645,0.6154785345138613,0.4304678407359628,0.6175944086417697,0.4467727616441137,0.6276597172828395,0.51469055870733,0.6720400402367788,0.45466534203007647,0.6212436062723469,0.4797244242257992,0.6757598021326379,0.41892749056091505,0.6845885470348754,0.42683226993087375,0.5668213025631477,0.16201965812586028,0.5791201445716685,0.1586799654508374,0.5880764772246214,0.1560973598878691,0.5783483948429929,0.22737721105521314,0.5984284839543763,0.15021830417541882,0.5943318998107593,0.14527745949912885,0.5937060847836462,0.1527616809705965,0.576527457409392,0.2367728562008995,0.5807956320612493,0.15259048846837875,0.5730216169715452,0.15138636338774636,0.5636433416564792,0.1503524234927246,0.5690155719315768,0.09901022509613122,0.5683847036318086,0.1121735662963711,0.5675438005151872,0.12345095870273304,0.5660829275529806,0.1350591333658182,0.5646081342217905,0.14304389156758113,0.583206108481475,0.1474222443967268,0.5856479069975107,0.14438562879937877,0.5891290656022853,0.13887858466260672,0.5920257091961887,0.1326239476282146,0.6040921539257795,0.1846069926878714,0.6945116868129025,0.27497542587528057,0.553250644411831,0.22245764000750223,0.5880445925301256,0.1491582314030122,0.5908455133775334,0.14770835493113388,0.56781832348855,0.21666588524436015,0.5869063941895202,0.22180054779768799,0.569583516060026,0.22052909506704954,0.605757695602549,0.2923988165564084,0.6270090928345642,0.280163627002905,0.5947600104393598,0.2437483293739623,0.6596287734109656,0.49769742041682485,0.6522113160710055,0.47347660668484026,0.6437740976248025,0.4482660830369074,0.5980379953915467,0.12150818562415178,0.5857662756518047,0.44003996277610724,0.588331865920311,0.4777793830491439,0.5923112574242826,0.5217079179115414,0.6445978668723633,0.34006568712098906,0.6749689586756734,0.3236960888344578,0.5905951913291891,0.3461520981437607,0.6615493655050433,0.3771604614091647,0.5828951910094641,0.31488508735237886,0.5850452854453383,0.24824485185214207,0.6881868591270497,0.3127015949506198,0.6665359418989609,0.3080675821623494,0.6500416884143683,0.29925842451996965,0.6248387820604558,0.30152441024098564,0.6065015281005095,0.3090821107512087,0.5928810814470787,0.31784178889118453,0.5650021853340808,0.339823129744557,0.6857497211981584,0.2714685720732076,0.672153338297801,0.38319462715843167,0.5594324949961051,0.22622142706921167,0.5904030631318804,0.28325340969065516,0.7002100475521464,0.35903899844956355,0.5828496845378919,0.3280224015912919,0.5961703535795753,0.24319176662923958,0.6549962371088847,0.36033780002151683,0.5861164411779145,0.26122795935183274,0.6888270404913072,0.22948182545180218,0.5905335349570321,0.3532928731186137,0.576056293026745,0.2719047924687561,0.6500238153138534,0.12784294860646406,0.6486284782989633,0.1121264664312337,0.696880121093799,0.2723737587961276,0.6669727695145797,0.15474639234922405,0.691909948602182,0.39261750806013085,0.5991476758277787,0.0655577300955309,0.5579268007335716,0.22308457306828,0.6018981979163629,0.26963811189015363,0.685947499189141,0.3517064135547221,0.6326198189809435,0.3465500593541967,0.6211607822480611,0.34470439140840714,0.5978907372434846,0.142133364573804,0.68158876472087,0.23388295384462077,0.5771789959976665,0.042321043486005294,0.6126833034844539,0.07001369997358431,0.6287718965290648,0.08710574411414651,0.5508414888786696,0.4756545757535736,0.5524070976459563,0.03770467833656399,0.6102747592266276,0.345731826899489,0.6001601460771275,0.3491387278448591,0.593827967175854,0.3515502843664239,0.6815959767990878,0.38880245065478936,0.6011423465343655,0.3631063054112499,0.6123811371716679,0.36691324238709677,0.6236554737754844,0.3678574127614478,0.6349501306806944,0.3660434316020682,0.6424008256504318,0.36265929069327085,0.6990312512025543,0.4024581952762506,0.6403478857982265,0.3498398811052037,0.5529456533276651,0.20201090862414306,0.593217896004397,0.194808339790696,0.5824174984705406,0.2338428937682313,0.5696102219686492,0.19997266746785192,0.552080323867914,0.3748085476150892,0.6321794200472204,0.103512792432782,0.6160521174351699,0.08489369544310754,0.5784103808976928,0.050221215920250195,0.6643688040675518,0.14154200476664125,0.5938679813768037,0.3571381100748303,0.5740216435237289,0.30827261312177234,0.5524943417657577,0.046124970307013125,0.5962097539749434,0.05430143267971088,0.6912506279582016,0.23062111802809349,0.5750864012754926,0.14525771790655528,0.5774482360881315,0.13969326014554373,0.5800416264750904,0.13091961782754513,0.5819593262575633,0.12071997015823088,0.5855502104513367,0.10870322431513979,0.5904594221385233,0.15153678087456735,0.5947690398402069,0.153298982713297,0.5988296579782337,0.15646092337197848,0.6123523732723621,0.1702580484295454,0.6644769725950526,0.22048355866530167,0.5738917487057998,0.32861767824480825,0.5810060934093253,0.37018809747503656,0.5883181233184613,0.36564926339666703,0.5873016827994173,0.15417379112070462,0.662632037057634,0.17739003780375917,0.569619417848787,0.3719811514129099,0.5922524755550648,0.09511243344721454,0.552810847489767,0.3016993132866631,0.5648536062985289,0.3178638641278093,0.5526499393703158,0.32165376299107185,0.5830092697571777,0.27822764963520263,0.5524934535579809,0.0609147943477234,0.5522900752692086,0.08042326387228416,0.5730272803038567,0.08289439847719993,0.6194142585854258,0.1302352252620762,0.6070276007668778,0.22863304764192638,0.6072381901572734,0.11066939347573801,0.6373119913446588,0.23333726979970482,0.6186722034760079,0.2103711462755774,0.646212198246845,