{"id":19,"uvs":[0.7376416958912182,0.5329656768095374,0.7547287344759173,0.5943457660494271,0.7471875535896169,0.5800911392262664,0.7750516947533024,0.6572980442796151,0.7587980394342435,0.6129510551860453,0.7625638463404893,0.6394940365192385,0.7701623273045686,0.7078369335220234,0.8575461806823192,0.7032875938833201,0.7792853578838551,0.7671574474445638,0.7845712557725332,0.7952417734740986,0.8010825808131609,0.890590249144216,0.7355883986183261,0.5237707996743122,0.7333288059023013,0.5172194827731847,0.7317295008153815,0.5148906263424253,0.7297894593819967,0.5106284934505227,0.7282221788152661,0.5016227807422426,0.7259915378953612,0.49090899378789243,0.723261413042676,0.48074662496051246,0.7186752986481564,0.4692804004914296,0.7518090774865224,0.586422372336949,0.7618838503678249,0.5865702956240562,0.9113190216200588,0.7829118560253971,0.8169153509002354,0.6939134667040732,0.82904924967857,0.6894881152486785,0.8414282264504724,0.6877511500741131,0.8608010481826871,0.6977972128714359,0.8082202055090192,0.7009062549597611,0.8462933543578526,0.7437435039285241,0.831919970854563,0.7444450854559033,0.8586179928065825,0.7385790328266542,0.8653759956819482,0.7296844678057234,0.8674543645096766,0.6840324657503217,0.7561852742514317,0.4432937201821818,0.8632571938345039,0.7083724403137459,0.9002521811925772,0.6984367123493072,0.8826193268177909,0.698726704520574,0.814050271919471,0.6082987141495414,0.7530013140025885,0.5331333760581751,0.745867566102786,0.5150986341393475,0.7659409822050954,0.5266062958580509,0.7727215894646816,0.520469821597668,0.7557723417429075,0.5135102020746947,0.7628175458637374,0.5121700574525279,0.7797029397391202,0.49553527570279166,0.7648335846679999,0.5928608483950899,0.7704154256620608,0.6100840514791056,0.8871234662032513,0.7497829985350188,0.7980039513576426,0.6616243628257684,0.7900555264227789,0.5969687074674146,0.7928107192642805,0.6076613962016577,0.8503625543413301,0.6064241586861183,0.7735398891283679,0.6351867109596678,0.8655750404010185,0.7747429253936187,0.8797290871336338,0.7654179768606619,0.9080748258899857,0.8157071822716169,0.8091055987024892,0.7671090983946314,0.8185540927704007,0.739292050810601,0.7926900125718987,0.5109721265459832,0.8433295502562297,0.53655833096181,0.7786769007019623,0.5887928001507174,0.7677194644531166,0.5841251974088371,0.7787265505308271,0.5113262324580079,0.7725987057902981,0.5128175214375299,0.8884145569043953,0.778215073750953,0.7876250704731381,0.5900188599051219,0.8434668481853782,0.7770659567423731,0.8489812761269047,0.7922634295949268,0.872042850996473,0.8647530403197778,0.8988807630060711,0.7963761920281022,0.8593605099644022,0.8279093364826052,0.8956947055892662,0.758912252801569,0.9040697055416587,0.7692045704144934,0.7496488524822235,0.5225664809859238,0.7604514040977466,0.5185279329256153,0.7680685975303644,0.5160282400433409,0.7745691504500916,0.5859683543475367,0.775585631306631,0.5116450996282509,0.77031951555621,0.5073446295050743,0.7713740140019953,0.51428250401393,0.775924705007034,0.593739451812629,0.7596309576705464,0.5142764911304643,0.7520654780994633,0.5135074065244036,0.7428310595328942,0.5136055455987366,0.7351004165620235,0.46727872669139203,0.7392306356489451,0.4799203606152913,0.7412718924290891,0.49050902687828213,0.7422051549221352,0.5014028799548284,0.7420716674225691,0.5091463697278,0.7600171640534864,0.5107140490744578,0.7618266479562228,0.5074867540390001,0.7639276212064263,0.5018401398384815,0.7651952430711849,0.49552032963109993,0.788757374250745,0.5406782031927719,0.8767837746714361,0.6263878815299154,0.7497974644600196,0.5842970923143758,0.764739076534124,0.5118945827092671,0.767532166343676,0.5101003654306334,0.7621560330163839,0.5769596825824187,0.7809467574724602,0.5800989934020102,0.7648632254554151,0.5804003016230042,0.808445137043275,0.649108901659341,0.826370622877374,0.6324757638846783,0.792041836674466,0.600158053796384,0.8963311000953627,0.8430649119294955,0.8852943718105655,0.8166358805690904,0.8730458252814592,0.7894866505290546,0.7672872370585534,0.4840608248970175,0.8181942987820441,0.79205680792565,0.8290431882205396,0.8334984789278985,0.841152759254667,0.879387016887292,0.8530613309286323,0.6903408813148278,0.877591171727236,0.6689860709780857,0.8032630817982389,0.7073171563842029,0.8760064464919721,0.7228356996982374,0.7919932650256094,0.6745426542761068,0.7860662749644567,0.6033007251374376,0.886806547130017,0.6565692292642888,0.8676432004899869,0.6541985798662144,0.8508608320921502,0.6478840763572962,0.8272459729239896,0.6552187659334643,0.8114249716594775,0.6666150207766226,0.8007227075027148,0.6775100574862806,0.7810249552958852,0.7008757837361459,0.8774510462011027,0.615928379315869,0.8860739642183328,0.7262081756937323,0.7579089719613992,0.5856475270122246,0.7938621202016819,0.6412573997061831,0.8994849347564507,0.7075479333716594,0.7935531107601205,0.6887373815196234,0.7924073395993512,0.6003956546137093,0.8673261708661513,0.7092823892507264,0.7886176887239758,0.616666263131828,0.8625083481855065,0.58255261743775,0.8047665574928972,0.7142545009163815,0.7820132226700514,0.6276430441648628,0.8118679535497215,0.48360244034312694,0.8043215657448193,0.470660812460284,0.883649800998938,0.6184725759106264,0.8323562081262311,0.5079025267624072,0.9034246191572195,0.7363470715012533,0.7537285940387344,0.42876288330623347,0.7547470139541789,0.5838519866277897,0.8015783034032433,0.6261610937756801,0.8912586701378903,0.695450431023535,0.8429455433399562,0.698538998420377,0.8312196886291827,0.6994924967064897,0.7729043818903976,0.5040211887090601,0.8657249267786902,0.5800296640992572,0.7274837573985429,0.409748752616647,0.7645741132239079,0.43277407224662623,0.7818759706144379,0.44816585003929743,0.7928726108068547,0.8407929282561944,0.7026003820751954,0.4097058375968412,0.8209555056486837,0.7032926503165247,0.8121888403285206,0.7089956325133073,0.8070553481014389,0.7124656101358091,0.8949933569564458,0.7309320293002639,0.8165710399942876,0.7217713197413277,0.828026168665392,0.7233470935508937,0.8395046617260467,0.7220228520010181,0.8503896005094445,0.7179319377966744,0.8568730327805671,0.7132711987613918,0.9090412393053167,0.7488049978730923,0.8512627855019212,0.7002889808725283,0.7437240024614907,0.5651894610863883,0.7813012797179051,0.5518672563803786,0.7801023678051099,0.5909843489336315,0.759913341426594,0.5597913963271568,0.7741959728871515,0.7386014250340099,0.7906950952878974,0.4623542827027456,0.772403367412548,0.4461240227632154,0.731801588548677,0.41661305705866636,0.8236015740133531,0.4985434629173191,0.8087303786684175,0.7173109061769943,0.7840538225714967,0.6669254133008077,0.705991355558653,0.4171670145221793,0.7471083502985305,0.41888225204582397,0.8698423355779384,0.5786897980121992,0.7522567235701513,0.5095412629494054,0.7534666142589956,0.5039884213603206,0.7541886183486141,0.4955930157809736,0.7534196979248443,0.4856370161670268,0.7526606381247078,0.4736115017005633,0.7687479634907166,0.5125014693167702,0.7732802634567546,0.513635025376882,0.7777068829580039,0.5162735450737053,0.7931547423193109,0.5265941022302525,0.8491865445062166,0.5678699552529354,0.7865880272145782,0.6888036222560152,0.7991777957691529,0.7307012984834971,0.8052243454327213,0.7264060887871455,0.7657877864075633,0.5155193543855516,0.8363716668139503,0.5282739871284703,0.7897647419870298,0.73259355073226,0.7549720001431577,0.45915757838385207,0.7649164551554347,0.6623311560730575,0.7780017793461802,0.6773979715447855,0.7672874041996547,0.6836047918523815,0.7873038964123029,0.6355095207676401,0.7101081463020623,0.431998917259775,0.7146496623518837,0.4518094103549708,0.734718569257373,0.45033309655494513,0.7885906111253174,0.4890783699292718,0.7997597865922845,0.5840927485085686,0.7723681412459725,0.47212912951487196,0.8282873176041903,0.5830065799795016,0.8068006961936864,0.5636654316828185,0.8300863507925849,0.5537225599635922,0.7342617162217486,0.43103971293864707,0.7915444125578833,0.6251412841102758,0.7937440227901111,0.47758949062627964,