{"id":2,"uvs":[0.5192915570051218,0.35909955587988474,0.5219219395309211,0.42980989313523277,0.5207282939496266,0.409856920804488,0.5335862164983598,0.48916516007395994,0.5224214968044625,0.44863207074834643,0.5226864925168144,0.47279260903153963,0.5231448503502181,0.5320339458178267,0.6130870823873328,0.5324298703254284,0.5235707630416104,0.5810424692916524,0.5238642554776831,0.6074441817434851,0.5272696325283016,0.7013859845060465,0.5189475530058806,0.34912714571917003,0.518496802219643,0.3417719497164906,0.5181342447038597,0.3388547122942813,0.5169431124565782,0.33718006944947054,0.5166693663044626,0.3289636901845351,0.5161812697222021,0.3186180974488575,0.5155173546465236,0.3078084450477969,0.5142238168441992,0.2920178242190524,0.5215517456989558,0.42037936440506074,0.5328194260815474,0.4202456446143408,0.6651157349015013,0.6090744601924594,0.5764326807137115,0.5179984200721721,0.588650015596061,0.5157826946169419,0.6007483805960019,0.5160940661098046,0.6179888338354657,0.5265421579373055,0.5665108123030689,0.5237636644351287,0.5941616508276429,0.5662906522837674,0.5811146830088558,0.5656394537136836,0.6065644630719029,0.5631340809776637,0.6148761710076052,0.5560957834443984,0.6276391032333731,0.5146305586524829,0.5582191832823751,0.26436732062409374,0.6179236467838691,0.5371300803246729,0.6663391333926236,0.5264965008909618,0.6424139559932653,0.5283533185480983,0.5838448309467534,0.4402207964507683,0.5342462109819535,0.3616307116395475,0.5310922037959771,0.34165637859812037,0.5491482318314512,0.35542057828021933,0.5585063849279677,0.3479345983503841,0.5420854879072173,0.3404223256655591,0.5506662282546398,0.3389607118699395,0.572306223869242,0.3205816641630156,0.5322349556465871,0.42970150250895767,0.5345177787949471,0.44732657918718843,0.6350091284071018,0.5762169770617327,0.5602346299550586,0.4886890312373775,0.5607757973002543,0.4320086133067923,0.5622349326158393,0.44160481671866736,0.6206039686486109,0.4406308088030354,0.5343309190218553,0.4701271519681206,0.6051907953664688,0.5978517908982524,0.6225662877513835,0.5901685229121645,0.6526408540359311,0.6425769275814859,0.5507668599495844,0.5847014549965609,0.5695512218945734,0.5599911325171127,0.5825654316078888,0.3375459777458114,0.6421494639777454,0.353195533881578,0.5510512869101758,0.42242339109916793,0.5406620123687158,0.4166962782117958,0.568528063356142,0.33699896910462046,0.562865494174385,0.33858808351070535,0.6303800885337723,0.6028782897162146,0.5605795056285733,0.42353600886787823,0.5819118572035602,0.5977699674506235,0.5846911408545936,0.6133522255895482,0.6013649250596014,0.6884913835392658,0.6417760087281374,0.6233833022815392,0.5917146873259529,0.6519357010506528,0.6437592866814663,0.5852599700534327,0.65495839144095,0.59632633484785,0.5328334970895954,0.3499576382117646,0.5451726205085695,0.34634006624406366,0.5546112125693394,0.3431508134073886,0.5475735855922452,0.41880496883302976,0.5655335375854071,0.3373982255072051,0.5603105792977691,0.3343581523389756,0.5617371486197739,0.34001217786047433,0.5453796653071499,0.42956147095901787,0.5480265454444142,0.340222926435632,0.5392263621182523,0.3396257756868909,0.5292434954931886,0.33918000349586774,0.5304107847766644,0.29174656664744114,0.5308300790369876,0.3087569763471809,0.530670891927578,0.3198954629882613,0.5300566837362698,0.33037704545267477,0.529093484838135,0.3373104961264016,0.5489605348386098,0.3382477658681148,0.5507982755888625,0.33553534516450356,0.5535813387402572,0.3301668754679301,0.5558652771410756,0.32359238399020895,0.5705065591412998,0.3711241744118853,0.6617667456308817,0.4453311510044513,0.5212264685210668,0.4165468142776563,0.5547514697908826,0.33859747526013206,0.5572813948869897,0.3371778268873845,0.5363991189233047,0.40870774911665697,0.5557061936411097,0.411949236125425,0.5384532729300728,0.4126363020376165,0.5730018382122807,0.4772065398332588,0.5927340134426882,0.4635682524336894,0.5636208139105489,0.4330208767808318,0.6321603150812384,0.6696255910228371,0.6213137707688391,0.6426810988442416,0.6103872826811282,0.6129511129667856,0.5608979653347179,0.3093917860212859,0.5550380878765817,0.6100047022653492,0.5609694367235079,0.6538872972959081,0.5676856330935058,0.698086951435665,0.6114880472076976,0.5194725689118294,0.640804006722071,0.5013521175727884,0.5602303232190835,0.5296776151441964,0.6290844271939424,0.5507944952356207,0.5516734775606953,0.5010697923363483,0.5538653384191006,0.4397365159523471,0.6538527217943019,0.488673437065432,0.6317138659151609,0.48744955594735906,0.6153110134017468,0.480246894154459,0.5911565045354013,0.4840377973685871,0.573906913804022,0.4927917195220053,0.5612034566762021,0.5024323165960305,0.5352410842364439,0.526701409590581,0.6498312213702336,0.448563720372658,0.6399930291877309,0.5543079887887101,0.527634043965068,0.42057838510071177,0.5589509318622877,0.4704077040246645,0.670299857361097,0.5299589283570046,0.5518575520366804,0.513100338041705,0.5648681813251404,0.4317674934975073,0.6222497361918512,0.5373738321735679,0.5551032901687667,0.45154502743479696,0.65427009069711,0.4002958805625383,0.5606949496994933,0.5365353297963705,0.5450213801182029,0.46277079300873225,0.6123377982202374,0.30605504229250646,0.6103700865070121,0.28779284308397557,0.6614987681389277,0.4458654474366638,0.62943436194054,0.3314567180844109,0.6616664320549138,0.5644683935371626,0.5595614613501341,0.2475036711491062,0.525999502711296,0.41697081215610843,0.5694872445718506,0.45589321600417876,0.6534163336577539,0.5252824196196346,0.5999577788671874,0.5269874547900668,0.5888533149674668,0.526067738915337,0.5633448990610878,0.33062902813272055,0.6448490731188479,0.4109112704664195,0.5362140353395293,0.22443386292798984,0.5733977338375948,0.248099529129986,0.5901432324536178,0.26398996881217573,0.5256658186014691,0.6544462695527201,0.5107705247921535,0.22200673506398694,0.5787047982835739,0.5278262986970155,0.5693987171327403,0.5317360266493651,0.5635933142590432,0.5345975326660013,0.6499371318521737,0.5588836805071442,0.5708687841015259,0.5452292082185516,0.581363262565872,0.5477790511373063,0.5918385696492116,0.5480537645396792,0.6027979957393661,0.5455344238996629,0.6099705387760406,0.5417859848180712,0.6706442075792589,0.5739211300495404,0.6075435065879585,0.5295543731801772,0.5200336146415185,0.39324666786783635,0.5604313053093521,0.38307720134202183,0.551553851996492,0.4256332903904002,0.5369146199962217,0.3903247805555756,0.523403729462053,0.5566742728411971,0.5944072744831619,0.2824828166638529,0.577434983803751,0.264930649386545,0.5378383410586648,0.2347787524021946,0.6270664904026197,0.31537387846120835,0.56387825952238,0.5402276894524712,0.5431695310751767,0.4964550159225749,0.5114707019564564,0.23292493732903452,0.5560005657656906,0.2342158432782625,0.6546089589562349,0.4044503912356755,0.539965087917092,0.33796929652061003,0.5417459087152001,0.3329498654940143,0.5435231134649388,0.32483816276958843,0.5445514521476027,0.31461425552875477,0.5472671934732801,0.2991103939795634,0.5580647450980145,0.3386512754185669,0.5618940130393415,0.33990711780640426,0.5656947276930898,0.34264885048050364,0.5787119507813954,0.35536449641409185,0.6277609942915922,0.4003434809605204,0.5433838130470581,0.5150955296945772,0.5509835313486362,0.5512991081087648,0.5586008230665247,0.5475028857879527,0.555338363557687,0.3412417152509125,0.6257380417948954,0.35615906407190223,0.5399462408238995,0.5527698921807995,0.5532711722069041,0.2819246322715958,0.5226745691907936,0.4927250020727393,0.5346400898172612,0.5067057596367326,0.5228993603267186,0.5114098590395506,0.5516083548744819,0.46707194837809385,0.5123422317514328,0.25010816735907315,0.5133416727949709,0.27217533072714906,0.5336753942121037,0.27246219096936974,0.5833383986362914,0.31370826774684635,0.5747258366900696,0.41573445734562675,0.5693522769484987,0.2952768733801433,0.6019528290484553,0.41687348212351516,0.5847744075656774,0.3957356810744551,0.6105024541950089,0.3859770295665679,0.5369347617903266,0.2514554982867885,0.5589186086925232,