{"id":20,"uvs":[0.508205579231995,0.16852806026228218,0.5130799116179816,0.23297427832026318,0.5070169315711118,0.218568270509236,0.5161105680685789,0.3015017993876742,0.5128715923379508,0.2512546295398643,0.5094085208922854,0.27825172814283916,0.4973279448972149,0.35065210082524567,0.5764041089621911,0.3838040026127031,0.49161864037600145,0.40372225986518995,0.49047214914734727,0.43004824280788945,0.48196419845899585,0.5374327854549439,0.5082367061867439,0.15843194571500263,0.5074137024945795,0.15074331768019023,0.5061286968098407,0.14759441430112163,0.5066172926029182,0.1401587151516257,0.5075827267146944,0.12945625328026145,0.5082174681684404,0.1170014248394271,0.5079025470307711,0.10580571397282845,0.5052340831138529,0.09724644752742417,0.5116516369030559,0.22534155501944408,0.52116054326734,0.2301502793856981,0.6026366745275369,0.4802001942727293,0.5398089110261922,0.3618363850909647,0.5518256234092778,0.36110179217883265,0.5641048312309976,0.3626885463814987,0.5792713009745116,0.37903083645172586,0.5306630183564666,0.36518328930408905,0.559803823924498,0.4132041332291404,0.5455606702192404,0.40985040324217337,0.5722135483188089,0.41263534762822984,0.5797609574978528,0.4078240584567375,0.5877968966900164,0.3672173565952751,0.545920602380233,0.0918195963237477,0.5808058353919392,0.3908923686533974,0.6092432712613001,0.396460587846593,0.5980430159288895,0.3861808577028313,0.5578255420815055,0.2723079031125697,0.5220262488321776,0.1738510197021338,0.5177910002886665,0.15239298312948757,0.5341437863419665,0.17021845470723995,0.5394637340253001,0.1639226851319151,0.5260387297153448,0.15314922960273636,0.5313177255809644,0.15225265866466642,0.5522969174832291,0.14169873256206988,0.5230680733546327,0.23535222198125705,0.524885220119221,0.252706140427885,0.5943342270761067,0.42718984064447363,0.5326102185811802,0.3206915951203829,0.5455359644700045,0.2511040218420144,0.5446919059754567,0.2628479651865091,0.5875480591258899,0.28358829686356446,0.5210659354380154,0.27827598006872234,0.5703837946781126,0.4366422870695611,0.5853179713602027,0.4357107809032049,0.5944780216228924,0.5070124753200855,0.5190385181012952,0.4114607665280059,0.5332661638637481,0.4020423867788476,0.5593374946642393,0.16005067556647634,0.5927367845919557,0.2292086307343041,0.5364288170226709,0.23928412435423752,0.5269170323008581,0.23040899542300608,0.5451433927084142,0.15156285831388228,0.5388185608466189,0.1512817934387184,0.5892858979973987,0.4507713205739057,0.543951427134167,0.24354139132303343,0.549278440374295,0.430242391689029,0.5510406958005735,0.4460846481538633,0.5540854632436161,0.5368600940009285,0.5920627128247584,0.4788608528921475,0.5516245607484356,0.4913236522284673,0.5990476121166315,0.43957672938679626,0.6013577449595866,0.4585157966122603,0.5204791271485538,0.16165931614189488,0.5301430621650265,0.1598649355080034,0.5357504712579856,0.15756953011384722,0.532934295990311,0.2348809576022347,0.5418391555512185,0.15058509415511379,0.5400192444142672,0.14610367840135685,0.5372688514673991,0.15344027541671068,0.5334513347665761,0.2425935320814635,0.5272872254378651,0.1529761070951674,0.5218647991508756,0.15156804056359896,0.5145751390500415,0.1495069405145807,0.5205233854481339,0.10149046114845872,0.522761446665938,0.11070493562246242,0.5219158857899295,0.12170076252458051,0.5195518122628006,0.13412764640426345,0.5169715623165818,0.14264593675157355,0.530379416232954,0.14820994500304785,0.5332024120004588,0.14507800822186767,0.5373194582203765,0.1397283137645161,0.5405031815161507,0.1344930830736537,0.5502626380696639,0.192019694735308,0.601399038138722,0.3267404399867848,0.5093503426776103,0.22326846331837047,0.5332776153900857,0.15015193889008238,0.5365003265229165,0.14814287719957187,0.5227830350003054,0.2207698574407283,0.538886352312015,0.2310937184796974,0.5249073111727411,0.2252881877300713,0.543532312916325,0.31223994220294804,0.5621379106848602,0.30086185047932124,0.5447928835358917,0.25565641088501645,0.5797474415664904,0.5264522220391032,0.5764927906375492,0.49080685166626514,0.5734626546499821,0.45336973078023846,0.5442577989731175,0.1284012960688713,0.522449825295962,0.43622680754484033,0.5226304671763717,0.4875395758563008,0.522731185430213,0.5401001339607281,0.5742386926639509,0.36892174270599387,0.5991655099670105,0.35596848660351543,0.525070388107224,0.36883314563031133,0.5893806858527354,0.4046305590406539,0.5247229579009015,0.33019274835850376,0.5407895581377885,0.25477479066815545,0.609117022095726,0.3489612955752307,0.5940675953886553,0.33694269302631563,0.5806108628815403,0.3243081099858627,0.5576400789831154,0.3246891048872387,0.541368332354262,0.33176455340925826,0.5303746295848561,0.3383644424580804,0.5092045979936141,0.34831320652711084,0.6090218890393341,0.30621108256635443,0.5971408077349498,0.4098573047687748,0.5177686051869637,0.22691267460071396,0.5346116756625332,0.2981742542844952,0.6040011002221537,0.4090091680856055,0.5218940083707706,0.34544918721713735,0.54357790088543,0.2567954707446357,0.5835522649566949,0.3921059592761946,0.5393031421076233,0.2690855827200488,0.5989256699115499,0.2808121682977398,0.5251483492028517,0.37612500269934745,0.5307464017605208,0.2755053365982183,0.5820752113943837,0.1567722731630674,0.5778299704383727,0.14523146427652767,0.6117220105748957,0.3162430109807577,0.5917939684903446,0.1906723661764076,0.6059924553576539,0.43086217180806186,0.5480010555184852,0.07704096710459862,0.5146002075175522,0.22470698093222718,0.543725720544818,0.28612090290610315,0.6050214592780687,0.3869782696046875,0.5635812470258236,0.37390505638754457,0.5521059157534751,0.37151770578650434,0.5434911119638478,0.1440675593329075,0.6048807104799435,0.26894138610234164,0.5275268148764879,0.04743417075517864,0.5561304393760573,0.08817760321610657,0.5663606150823324,0.11208308486375174,0.4867500578287237,0.48322974198984614,0.5018915890023499,0.03749675627020399,0.541630726457502,0.37242439091208746,0.5324350915333305,0.37489552970577233,0.527154752709039,0.37567281939056496,0.6026980474600847,0.41800143518258837,0.534512820892723,0.38997899319811813,0.545115590198229,0.39649377580622713,0.5571711492495385,0.3988973467715623,0.5687001117522246,0.3978381637255871,0.5752956371806468,0.3945441090727022,0.6058246061824788,0.44930867142246544,0.5711782544794431,0.3784254305538175,0.5067115135674076,0.20318669016778612,0.543527591644809,0.20190305656604746,0.5377857549280662,0.24185972734105188,0.5235861534809962,0.2031351933253166,0.49298124097285956,0.3797613915743855,0.5713554393391543,0.12673307524711452,0.5602839370828391,0.10236232669932088,0.5303878876032866,0.055789354157887217,0.5856356338711827,0.1826937846823351,0.528306873838398,0.3812726686937633,0.5210867733568295,0.3168840398883974,0.504365616602289,0.04543296205434133,0.5442420308442126,0.06539475454199917,0.6079903529533803,0.2746501798526162,0.5249291210146344,0.14555166565293487,0.5278411860453625,0.1396432044488638,0.5313962297820736,0.13094705365608572,0.5337449898195641,0.1211606341129492,0.53431054514806,0.11395022271859467,0.5351384265729462,0.1517748534066894,0.539444200514294,0.15419524584813737,0.543251287409693,0.1585814197897889,0.5555199040986871,0.1771534785920057,0.592755193329357,0.24816172653659696,0.5169590377972508,0.34031657041972063,0.5167865061330479,0.38510648477370735,0.5234032738383216,0.38637020869367744,0.53156888779883,0.15427370145881691,0.5902909237165277,0.20766685108466698,0.5085721212097614,0.38048513492136615,0.5400587089640162,0.10476921771466818,0.5052994238108572,0.302429797300645,0.5132531277628087,0.3234652873102911,0.50153947172375,0.32532028674199776,0.5320557093777534,0.28793580888028425,0.5051769393895347,0.06172046496698813,0.505102980328288,0.08153095155801426,0.5240048716210964,0.08830467843064005,0.5631949082228155,0.14384631198083953,0.5524949439889681,0.24280974044976678,0.5530198493748335,0.12316842029721131,0.5736465620721483,0.2520363117148178,0.5607426768294674,0.2240063379887044,0.5803368934268136,0.2245664459546296,