{"id":21,"uvs":[0.5496903902681108,0.37252523557554806,0.5473208760279075,0.4221859311794782,0.5484575993045853,0.4084568168818491,0.5580220164324174,0.48195921253638596,0.5470826639569246,0.43981523610189943,0.5470828898243871,0.46401400818548244,0.5472197299427806,0.523719105331115,0.6380732252766093,0.5353675009446541,0.5468353023186212,0.5791666518380307,0.5463686303958835,0.6052757166491927,0.546521902393567,0.6871737152076745,0.5499705716072041,0.36413587246998724,0.5500910793520146,0.35724967512301375,0.5501469579742095,0.3541956397835513,0.5502847500102894,0.33987150112980447,0.5502896025091919,0.3304919544184741,0.5502901882555604,0.31950734645329504,0.5502664194108481,0.30914753595154876,0.5501268190407349,0.29918365815950376,0.5476693062732299,0.41407540211631977,0.5597828112907681,0.4166363636887608,0.6822650724387848,0.6145707891214574,0.6015646692320963,0.5200244107637298,0.613525777162327,0.5189348995571315,0.6254684749314098,0.5200011182487378,0.643153740033515,0.5312056873449034,0.5918581468649106,0.5238872297169447,0.6189855153904544,0.569952162050396,0.6053510476033623,0.5676530253589659,0.6319837449586199,0.5676824077588392,0.6405793774406687,0.5607981315458407,0.6523470679803111,0.5215011585159611,0.5934340464512391,0.28844556163877355,0.643153471550207,0.5403694585118837,0.6876214598801577,0.5389961623049788,0.6655564415870557,0.5370640740070352,0.6121861380039821,0.44794458630990386,0.5655464428650432,0.3762041319578683,0.5637527883183928,0.3584219581154413,0.5817136296720229,0.37268475074687824,0.591162794543135,0.36818066391669946,0.5750804139752629,0.3587763051192364,0.5832602723386451,0.3584640549070657,0.6056666468838158,0.3430832991376508,0.557571863245659,0.4230408622637363,0.5591736118815764,0.4403126154305943,0.6582854294076479,0.5845470341727179,0.5866411590935762,0.489210970316165,0.5873462630128712,0.432992354413814,0.5887480939305869,0.44282373446845025,0.6487633078565294,0.45378701604570415,0.5587611838427573,0.4627893182372259,0.6303215655981866,0.6038735799542692,0.6467091477966531,0.5976830151174084,0.6703251722353811,0.6437807750202018,0.5763096244053416,0.5858931890999767,0.5939451644281053,0.5599515354926718,0.6144023753351499,0.36150643603079646,0.6696243014538281,0.38672758515602057,0.5782275936077385,0.42296974270390264,0.5680985621455841,0.4167099916135031,0.602251728999611,0.3590994264004058,0.5954661656373642,0.35885886902001585,0.6533844385396551,0.6106126949530064,0.58778596694423,0.42659795261584355,0.6079376807058187,0.6020034275765163,0.6097424687733354,0.6165339425061203,0.6205893449163639,0.6810469257597866,0.6620342501338713,0.6266173868547388,0.6135463698260021,0.6478542880195793,0.6656540878590326,0.5941379997049454,0.6742676829147448,0.6028743134762282,0.5649195992406251,0.36631527429708766,0.5782311110847511,0.3645406468074853,0.5873934391013711,0.3632756802899041,0.5751735916115481,0.4198345687052798,0.5989562534162624,0.3586343067699581,0.59429540810677,0.35064513707444256,0.5937388359524542,0.3598486438167292,0.5717473500620691,0.42593884721622555,0.5803319880363529,0.3593979160076498,0.5721999267155038,0.3575738373023798,0.5621850394647967,0.35569961277163464,0.5672406416442266,0.3015388062964274,0.5671425951271652,0.31251500063703097,0.5663016184414891,0.3228733554420926,0.5647799242872987,0.3340402608942945,0.5632776631974088,0.34171495810967956,0.5823309891675302,0.34968412778834523,0.5848934483535774,0.3467604605492258,0.5885207381414934,0.3416913629363494,0.5914395744562033,0.33607605107311067,0.6017380047664367,0.38714741163415356,0.6853790280071972,0.4705662208677478,0.5480614714348382,0.4119652640136229,0.5874401660587736,0.35345386732825523,0.5906588207849172,0.35241416567970363,0.5641884934417907,0.40946807132452356,0.5841227035111385,0.4168546072956716,0.5660255276311141,0.41292371203557554,0.5998585844176902,0.48082467384402405,0.620138806985618,0.47102705301355907,0.5907573699793676,0.43622725201270307,0.6510501186429669,0.6665074878145878,0.643050642259551,0.6425406636865946,0.6346998294854191,0.6182680148965903,0.5961609768833738,0.32768888094601256,0.5794428661930189,0.6101562234407745,0.5822878637770166,0.6459823188104048,0.5867559766337549,0.6870041887716196,0.636572227997096,0.5240455888582163,0.6652473460591926,0.5110328401671177,0.5856536554772189,0.5283006917178729,0.653190615797546,0.5568366572385741,0.5775978354266362,0.49905513636947596,0.5798361682041957,0.437374617713417,0.6778709337528332,0.5018921654424229,0.6572022361016374,0.4973243895888012,0.641418413751718,0.48908482546956134,0.6174568848136307,0.49011499757878685,0.6001603379372672,0.49599290751626757,0.5874104625854846,0.5028759180368572,0.5595774438509502,0.5200315991891039,0.6761427340766748,0.4658558799055156,0.6627315635669048,0.5624545456188139,0.5538621319200763,0.41497755735476505,0.5855925875689824,0.4712261521213854,0.6904295781379914,0.545424918641763,0.5778463991957754,0.5112297938573682,0.59257155421502,0.43646398352174676,0.6474427442697259,0.5420381236293663,0.5809467275570512,0.4496785145133383,0.6798887123308434,0.43004174879258006,0.5860043509279362,0.5344382304769355,0.570084709126314,0.4579898410861357,0.6425040189966165,0.33658446723529156,0.641053860133058,0.32246699192140926,0.686884418827604,0.4671076080900449,0.6586610917489039,0.3614804968982853,0.6815485810069752,0.5731028712052413,0.5944736121014637,0.27503892423841114,0.5529362768848947,0.4126636600068164,0.5969849069391668,0.46013147931395537,0.6758610575952633,0.5358219667801857,0.6245459751175522,0.5294722191542185,0.6135553143899672,0.5281368443445982,0.5978215855669944,0.34851976035502163,0.6728991985733999,0.4324529954374221,0.5738090174182013,0.2526558068749004,0.6073064540154355,0.2810990369901045,0.6223201887869056,0.2983289246248473,0.5464696395961517,0.6437658030282786,0.5504613267656557,0.24758279806761618,0.6035397322284333,0.5289748411135908,0.5943181077954204,0.5315976678951597,0.5886820064843941,0.5333035895390114,0.6716286123811979,0.5681900657624981,0.5959645594524858,0.5432504790970281,0.6065262123307171,0.5468754104226594,0.6170812564545125,0.5478436266741245,0.6279923900107748,0.5462802216164164,0.6352373640049802,0.5434078264130104,0.6888356015017018,0.5836836988831403,0.6322953372974535,0.5321880927290225,0.5489445114041869,0.39729630143359573,0.5909109467311867,0.39456633428674004,0.5784016426264094,0.4249963465811242,0.5664094520924154,0.3967253575468812,0.5473440175328945,0.5517659240341204,0.6255508593283021,0.31329493041692613,0.610375775836051,0.29475010102648924,0.5746468605498208,0.2595424446324597,0.6561930322388014,0.35013806236953793,0.5891438051761249,0.5378003009899742,0.5683087848874211,0.49163629898158134,0.5502382019044054,0.2543786498951206,0.5917912738412884,0.26492588361548464,0.6819799428379656,0.429892602170314,0.5739826979102605,0.34536576208963954,0.5764184510819457,0.3400247944716591,0.57912538484912,0.33167419132279363,0.5810463535044104,0.32220795334466457,0.5838617880141669,0.31277562374084544,0.5905129342076338,0.359203881859951,0.5948115150739532,0.3613714507661966,0.598634480269578,0.3647368401251937,0.6101471296814998,0.3761113867488073,0.6569538959312498,0.41973846859565667,0.5685393216294459,0.5105660277822828,0.5763663055691413,0.5488061732503712,0.5837126579219749,0.5454809251549634,0.5872410824212843,0.3612746873574686,0.6553212901737623,0.38165128908924384,0.5646527792379897,0.5495676895972833,0.5892387154249062,0.30180057386065107,0.5470273856899854,0.4839861966837513,0.5590098730529037,0.49945944573972045,0.5471477277039183,0.5024816093831883,0.5777662472079966,0.4654082990582151,0.5501943848117624,0.26748103051985905,0.550133516295968,0.28458353618073395,0.5703702176245627,0.2882607021445377,0.6151045970586559,0.3389597871632496,0.6031022903404576,0.4244310597918206,0.6035842248424679,0.3188000258653909,0.631016366871689,0.42949240899575036,0.6141601459634826,0.409172972547307,0.6397961759966633,0.4045590063607616,0.5734991232678148,0.2723926410525461,