{"id":22,"uvs":[0.5436580682387764,0.44625948546069893,0.5436338333073294,0.5223787022042895,0.542827952347649,0.49224525698113897,0.5530502007850984,0.5864712143041175,0.5433804536226718,0.5450875046015594,0.5423419761396443,0.5709469858467,0.5394020567630036,0.6273411589759978,0.6357302430136835,0.6136944075966307,0.537766476692346,0.6722644300256775,0.5370390603270198,0.700219242170232,0.5350540928817741,0.7923565264134674,0.5437117901168566,0.4356968389745801,0.5435874310971578,0.42631866211725944,0.5433306591297492,0.42152689087904804,0.5438734079253624,0.4161514185655183,0.5440643553665991,0.40886464208554496,0.5442113879980224,0.3982643473271036,0.5442401007885465,0.38530775054877187,0.5446827833881345,0.35709372806225637,0.5434165770780888,0.508351707370857,0.5556383949566532,0.5054753138797845,0.6821673260039415,0.6763262173953124,0.5971395663625215,0.5997879359388956,0.6107613099111304,0.5974996881552476,0.6237082017508108,0.5977964381464547,0.6413364020119479,0.6054506890292469,0.5856322488998095,0.6058058671200994,0.613350646419152,0.6515397076828972,0.599618021925195,0.6506507775061797,0.6265407068932615,0.6478425415815826,0.6358289111029025,0.6396197683135725,0.6523608539038621,0.5916907604878037,0.599858277418139,0.31392730528341994,0.6402855618911941,0.6174181569765004,0.6911077707497111,0.5874482788978244,0.6668374209605243,0.6026324897102806,0.6109007788125279,0.5221907746180863,0.5618018500700612,0.44931558348803813,0.5594197599804255,0.42613852253183715,0.5807572726816108,0.44013882200728904,0.5926859448294788,0.4284265440977266,0.5732122940540217,0.42314520637981423,0.5837886815931992,0.41840101815530084,0.6094845310152043,0.3887737613367731,0.5554165983053015,0.5219981783614462,0.556826482104849,0.5438242487289775,0.6573934819215048,0.6614397533198371,0.581454521189338,0.5738938753632554,0.5871713883818017,0.5189703700462969,0.5874873970848866,0.5288863431436781,0.6518887028325095,0.519107686642135,0.5549978123485924,0.5678781317899679,0.6247996037995482,0.6898856029037965,0.6439961422910543,0.6799401410375934,0.667963959532354,0.7192690975718578,0.5660168510840918,0.6760329560831657,0.5873268489128852,0.6446612760328618,0.6204026358111854,0.408279064047546,0.6866994853770116,0.3798935107796805,0.5766486111722555,0.5066873000722614,0.5647929606933846,0.5003221051990087,0.6054125635045542,0.40981034720498,0.5986739548763629,0.4112235223026366,0.6515016680694257,0.692387071257212,0.5874517377698857,0.5078946960109411,0.5991039445902491,0.6901240312122657,0.6015097870590713,0.707755240706122,0.6126879523491602,0.7783368756857081,0.6596725453737801,0.7072053469780867,0.6058082876596045,0.7457395377712636,0.6653326895040581,0.6681074361532149,0.6738366353112374,0.6717232012063781,0.5610738924027628,0.43637653424091016,0.5765727001611425,0.43029607116972723,0.5881656441080947,0.42336403690754676,0.5729985177927557,0.50246519801344,0.6019227083056875,0.4102733694988151,0.5956912883890524,0.4085708220548243,0.5969600661564386,0.41176250931734637,0.569512835771858,0.5170466565424947,0.5810946937402663,0.4187771483669501,0.5702223043762109,0.4212522480883715,0.557542968659603,0.42193271941550536,0.56347439417902,0.3577640829159163,0.5617105472282087,0.38635764375968706,0.5608138925440747,0.40002855316416475,0.5597573860411738,0.4104727855671304,0.5585681862768745,0.4163924714234023,0.5825630761044318,0.41404378757897753,0.5846800907324051,0.4118771844051846,0.5877246194950737,0.40623926118210973,0.5905501860800795,0.39813590649132746,0.603683400765028,0.4496184818499458,0.6955115757811678,0.4822232132126216,0.5431339475473269,0.500984967184809,0.589390180367388,0.4120041393007384,0.5921447858882822,0.4116387125818549,0.5605742093499626,0.49116402117498814,0.5824810083693077,0.49393763217543596,0.5625484313001465,0.4954627766484575,0.596377487496774,0.5604894126543225,0.6189311725942575,0.5462484613526215,0.5896795188743588,0.5179192190695816,0.645875401649536,0.7540004623612448,0.6378823153583364,0.7326915622159547,0.6294939184459404,0.7062198171320947,0.5976599331715455,0.37641675696368293,0.5696444053496412,0.7043241943705035,0.5730981331603423,0.7486425530708131,0.5770194135191614,0.7895898576212899,0.6349077440538811,0.5997166135687287,0.667094188319461,0.5760419765846698,0.5783518165399757,0.6122183738996543,0.6517139340317584,0.631522959445944,0.5712179411779041,0.5888756341814624,0.5784865662694534,0.5298577699573814,0.6823098341745858,0.5577012764415918,0.6583994068055812,0.5653414457484878,0.6413823125733359,0.5614332653656234,0.6155197502148875,0.5661267994769278,0.5960564988316567,0.575146599695376,0.5811932261217239,0.5861532062137796,0.5526272056416874,0.6206808027681645,0.6830576673809692,0.5157633022492312,0.6627741137247887,0.6333813807675142,0.5502700564965433,0.5089332055979566,0.5815105113374348,0.5561222235450272,0.6942614831819558,0.5786855390215828,0.5702527654733864,0.5989410205411335,0.5907749017889452,0.5141733074147229,0.6450151865534873,0.6159867236493082,0.5784708379779409,0.5418097350472539,0.693843540881858,0.4314220493085521,0.5783331489578929,0.6189051064865758,0.5668292110679777,0.5574393867702743,0.6609986753546412,0.3481833654344093,0.660270128978908,0.3152593594491978,0.696100481571384,0.4980866128414434,0.677162484290129,0.3726694130722439,0.6824729344527645,0.6321421592431749,0.6042951464166954,0.2871164512824804,0.5484654068869015,0.5015856707982291,0.5940563046823215,0.5391056258924953,0.6782305621797505,0.5954612032812792,0.622356901544937,0.6099561403064954,0.6104014659554228,0.6090636301232055,0.5992696818231168,0.40366034099854353,0.6831404018569764,0.4720602262719201,0.578313812632886,0.25378246451127784,0.6216932222969576,0.2765336951140387,0.6399587609295618,0.29199373487557645,0.5360504871798635,0.7481507583780762,0.5471626069071697,0.2499606938208998,0.5990587230371197,0.6106055504366567,0.5884621486004825,0.6141545712951971,0.5818676878603009,0.6167651773929064,0.6720715648896486,0.6345486020226477,0.5893489783044628,0.6287967694852227,0.6008439443584863,0.6315520451657358,0.6116364650957005,0.6321293802834171,0.6230294307177049,0.6290726028679314,0.6310430994764804,0.6243184955216605,0.6902415814179619,0.6324020853100341,0.6302671677110234,0.6117988688297193,0.5429653674118087,0.4769557162341762,0.59027536861468,0.463960522659025,0.5770984723602548,0.510939522568677,0.562701441899865,0.4746506929096901,0.538537562395742,0.6481819099553912,0.6424853649810216,0.3233288652542333,0.6241956057715419,0.3047132487692814,0.5787179352613382,0.2752914780761726,0.6749526436279459,0.3413916053750429,0.581625245715269,0.6233774551898132,0.5627513488886273,0.5894827722776856,0.5469329659160198,0.27182287694669205,0.6018565390057733,0.263612376877839,0.6943874985038763,0.45081959638447267,0.5717130366833482,0.416085338511495,0.5737880372782971,0.4116110122663681,0.5758021242904495,0.4032193350131992,0.5776771728787148,0.39103125819590845,0.5827069526762394,0.36546535692347537,0.5930076412978129,0.41409419653073554,0.597233620372324,0.4158462676321605,0.6015499197026091,0.4187187735774417,0.6148648976338964,0.43075398807347876,0.6655127105928331,0.4689276229757604,0.5615235044325313,0.6061851847525443,0.5670153679979494,0.6373615437834138,0.5754587026324423,0.6314688453419552,0.589767063940482,0.4162695209447935,0.669760047711494,0.4118987166523187,0.5559330290256428,0.6426153843179923,0.5915713937975382,0.3397493996774509,0.5412101899727122,0.590621619935572,0.5531511609826683,0.6029262307177542,0.54037416874794,0.6084438190661521,0.5735247586250242,0.5569416267377841,0.5465894373737943,0.299304576371312,0.5455259582999733,0.33035601737376097,0.5693004040172431,0.33111701229079016,0.6232380058288869,0.3757323789494066,0.6021139865047916,0.49585834294719733,0.608820986870754,0.3541218956149884,0.6340849408728482,0.4960375458250149,0.6162221597319071,0.4739786831754115,0.6478495421629755,0.45823143191601434,0.575326990501646,0.30176891517649473,0.5823070713622007,0.5423520434998379,0.636436228475025,