{"id":23,"uvs":[0.5291828249194745,0.2899960952669638,0.5341873405095872,0.3608445372856959,0.5319919050375692,0.34300949153967886,0.5466255670091853,0.43343930524504537,0.5348240963336379,0.38194575260256447,0.5349408538634841,0.4113814954187873,0.5344099366991665,0.4871287136635738,0.6364292716553743,0.5055465123868226,0.5343807080677832,0.5548016047448561,0.5347331761738753,0.5865821366703725,0.5361483330243905,0.6961937325563193,0.5286518914170806,0.2792912524497827,0.5280661202921277,0.27061543359049645,0.5276011437478098,0.26669601181321057,0.5265393042749584,0.2337789278014486,0.5262336138473831,0.22103698670077565,0.5257275921411089,0.20674283678798355,0.5250841995238134,0.19440525959220012,0.5239232509640341,0.18806183248448838,0.5333936364545131,0.3513435964185142,0.5446085939450034,0.35325008281341164,0.6878522593708054,0.6054005697662952,0.5924926532791889,0.4836181630943388,0.6067250192437877,0.48173575692023207,0.6209491545202603,0.48292801942263996,0.6413386551972358,0.4996932788865751,0.5813092159900823,0.4892207328595971,0.6158854279767684,0.5519920798659324,0.5988561387777658,0.5486210742095969,0.6315068667417676,0.5486471436781699,0.6413542633137128,0.5394497832127922,0.6513864008481729,0.4845629821441766,0.5714285723378759,0.18391064281186853,0.6424237088241423,0.5134793623807641,0.6907511187669394,0.5088798921570488,0.6667122880963219,0.5045020083083056,0.6011532259465235,0.3871726705372771,0.5457638407928622,0.2930888304836119,0.54134506065712,0.27042209474802426,0.5610817463591218,0.28595079715334426,0.5688839381186152,0.2778067721010383,0.55178301596453,0.26857566865576765,0.5588964374860858,0.2661161484804868,0.5844085375929855,0.24319370188413647,0.544956851992559,0.361397569000493,0.5477630677831975,0.38151611419830556,0.6609112776674204,0.5635923455744405,0.5751885924409142,0.44316830009262753,0.5731423001169236,0.3700306221399463,0.5750943092477204,0.38222247948679844,0.6424758137205154,0.3925215439741233,0.54761494172597,0.409218348980401,0.6295191355756069,0.5863184084204915,0.6483621618669096,0.5796543153426253,0.6753604295208854,0.6411318901247116,0.5671981258894434,0.5623312755793975,0.5845972328351754,0.5381081593736217,0.5932923087288681,0.26685945497298946,0.6570653908324835,0.3170363792474542,0.5621540227395977,0.3583955580621887,0.5515783474554687,0.3512139074410734,0.5780474725434575,0.2606076152290986,0.5699549274746154,0.2607073319097446,0.6558912068780719,0.5951953270299588,0.5719800842180593,0.36129469031730466,0.6034877035429145,0.5826291367197329,0.6063093076157736,0.6001670946752138,0.6207522253373967,0.686526866582041,0.6659310861433282,0.6171780643936462,0.6119107778787626,0.6422549579341673,0.6693513675671777,0.5751221630147553,0.67921528273482,0.5883675325554263,0.5438731935627217,0.2803482784550966,0.5562879055109641,0.27575485754993456,0.564363900420612,0.27177089199190874,0.5583829997472125,0.3542409082693573,0.5740075735828245,0.25983339110593806,0.5704495608365168,0.24823064508684622,0.5679712482581987,0.2628680091113168,0.5578312609761443,0.364078399695117,0.5551228135123225,0.267510736734651,0.548048732029009,0.26747583355582627,0.538944447737088,0.26717276572896154,0.5438225937426304,0.1905635723715985,0.5447849624197898,0.19821446619962735,0.5441242789928191,0.2104299402958667,0.5422087708072646,0.22490141059066815,0.5402444543455084,0.23540053341654343,0.5579257205361655,0.24626210717367725,0.5612176933064732,0.2422425464155632,0.5659927837919104,0.23591418197486957,0.569729071466884,0.22988955962685198,0.5826938368605494,0.3044323679628119,0.6809926000108144,0.4251232967700804,0.53282236339136,0.34855058333979405,0.5621845662305887,0.25226033981394536,0.566229790201976,0.2502273218806811,0.5474464232184065,0.3423244310935668,0.5670341207601328,0.3485421106798674,0.5494211670558318,0.3466456642582596,0.5889828079554935,0.4316632498297397,0.6116091832372013,0.41695705663098426,0.5760125144997021,0.37333488631133505,0.6543920582510301,0.6686902188538715,0.644842164333743,0.6364005218815056,0.6347799917119761,0.6037693242843947,0.5749704261605839,0.2241132858040613,0.5720361878837199,0.5917834167505049,0.5767036680070418,0.6405232126809722,0.5826067351801859,0.6946197043252038,0.6337821250241784,0.4889169734412132,0.6656917699510209,0.46954073585996725,0.5742527292355633,0.4951872421782322,0.6543231351429586,0.5316020633569024,0.5660257375336938,0.4560501361048308,0.5672915322710783,0.3769296336774909,0.6792214435636182,0.4582388587297965,0.6561184711229481,0.45043327443234815,0.6375251825893572,0.43936188800697784,0.6095981665953891,0.4425928980666566,0.590036811405003,0.45189635706396103,0.5763399108530833,0.46146203199846025,0.5477612017469572,0.4822492021264946,0.6744822094632182,0.41048754314683866,0.6649190876743913,0.5364626921157651,0.5398108564007061,0.35187015956877254,0.5730331311033361,0.4197412204208849,0.6922165439474506,0.5194015023556066,0.5661545156393956,0.4721834851545982,0.577211000829009,0.3733987610564008,0.6471038714012984,0.5149426144695866,0.5685786095059175,0.39204344385601864,0.6722520871641875,0.3734730144920013,0.5745638920535515,0.503575123374201,0.5587957360424348,0.40289621427826827,0.6249278826979802,0.2464478094542123,0.6227638916545515,0.23215046160956887,0.6858720431631616,0.41650748010012784,0.6435306588503353,0.2794124629835285,0.6861404756404942,0.5516108785234408,0.5719265940363963,0.16938895053275027,0.537828855982331,0.3490739942044121,0.5844211245864059,0.40455651540695436,0.6781483203635312,0.5029138700482718,0.6204838666184326,0.49548658736894025,0.607344531323261,0.4934600077899346,0.5747594145450367,0.24639222873749933,0.6667157489742948,0.3681741660836464,0.5478968496447271,0.1419273375588297,0.5856342335116416,0.17946196530018887,0.6021223654374114,0.20125766397635092,0.5356842499788095,0.6392270297437603,0.5205548089583724,0.13549821753278468,0.5952619864850466,0.4950976865689737,0.5842586832431944,0.49919141581242854,0.5774954496200422,0.501751113036564,0.6750176878536858,0.5434885890990464,0.586597937610704,0.5190107829083876,0.5993273357716242,0.5261039848670375,0.612871036894184,0.5278141792104134,0.6261137439626221,0.5249572227290538,0.6342466295793259,0.5197654290050346,0.6936774859745962,0.5670044690124989,0.629683445068886,0.5000053600817883,0.5308456495064235,0.3261659326796087,0.5728608832801823,0.31656634918990423,0.5631136365377509,0.36138594537553825,0.5488269744610808,0.3228013031041068,0.5341771847150921,0.5222954736572293,0.6063355637253711,0.21733469733776956,0.5895051596648844,0.19450148501169828,0.5498373960287308,0.14870754941431052,0.6400050187717241,0.2685230763460782,0.5784882295850962,0.5091627328661779,0.5568098651801032,0.44589585362731343,0.5215484004383779,0.14225087546046733,0.5684526029319237,0.1583083659430673,0.6769274658033931,0.3691045793948259,0.5504814978228099,0.240165878161258,0.5536144676806499,0.23278027476083307,0.5573673990896977,0.22219501570687084,0.5598324053625932,0.21121928780871502,0.5621523108397202,0.20499287703706648,0.5648950954131803,0.26435968270382804,0.5701865933612382,0.26683418708707207,0.5749151226022855,0.2709756459054221,0.5893686652040442,0.28743702236483515,0.6470942940925153,0.3497527965092255,0.5569205063602425,0.4705135674736397,0.5648759287711504,0.5203535734457974,0.5728072678464473,0.518181602323952,0.5610811926270287,0.2676031043243491,0.6408784144594153,0.3022651902130288,0.5529625233598575,0.5197572943054642,0.5675056607638931,0.19688915888485403,0.5346505997446107,0.4364729482355638,0.5474681919016329,0.45584463218662985,0.5345793794553235,0.4600703341541851,0.5654871861809392,0.4121550721896612,0.5225414337808139,0.15666531463502853,0.5233422904823017,0.17440183356122474,0.5465000750130151,0.17913951352402624,0.596116231467884,0.2422830930291735,0.58813761210673,0.356588845254193,0.5837055298092314,0.21807653038606511,0.6198734976095472,0.36128409081949786,0.5987404395477985,0.3345679165570963,0.6259925546715188,0.32870677958150973,0.5491840346929425,