{"id":24,"uvs":[0.5539181551207323,0.32495994320585275,0.5580186518946809,0.3802689055612015,0.5544957567463191,0.3663866290811013,0.5639298094941787,0.4305148112770032,0.5584023984639831,0.3949619924095208,0.5571528948852695,0.41508894342396974,0.5524162173049671,0.46634866769363004,0.6167422499740611,0.480320479832109,0.5502851329721654,0.5002360248580809,0.5500943661944093,0.5190666445172811,0.5480393238054106,0.6004723776717904,0.5536321197578066,0.3167886446424274,0.5529733604570501,0.31046724388395686,0.552165956799324,0.30779675958895203,0.5517380501596234,0.3004826470527844,0.5519425617018363,0.29237182609620493,0.5519606191357004,0.2826627638466359,0.5513660550232667,0.2734506767266258,0.5494149895776481,0.26369156630503165,0.5569826932790488,0.3734921672571322,0.564522000039713,0.3750886339314654,0.6443547934276138,0.5415311653702306,0.5879001152957792,0.4665661663679198,0.5973211070042553,0.46527582724899574,0.6068259749461448,0.465364906155453,0.6195017570704927,0.47517078007006286,0.5804760781325233,0.4698878207492535,0.6030306065726806,0.5024268416051424,0.5919727224990288,0.5013864899033756,0.6128468443955526,0.5006514796587086,0.6190806277901463,0.4963530969099701,0.6263257402552175,0.4644909362981574,0.5840216589879446,0.2521031758714458,0.6205474937905572,0.48474339309722125,0.6477267308393632,0.47782669951792933,0.6359150969060056,0.4752353627618654,0.5979903182890838,0.39809176083363673,0.5654092342237581,0.32793957115694194,0.562211232160498,0.3107660525144188,0.5759789347937495,0.3237727469273257,0.5817122432300617,0.3175726471163143,0.5696247976515072,0.31039397535232083,0.5749785963550595,0.30902317775178145,0.5923901392628562,0.29555864283562305,0.5658944159763566,0.38104906891498425,0.5678254395029219,0.3948944709243666,0.6318454253782702,0.506420969949197,0.579159116863296,0.43705708505524565,0.5846580412037737,0.3874553024873235,0.5848108640792649,0.3957384558467627,0.6231409050143747,0.4018666384736851,0.5662068568244556,0.4139752521201219,0.6101446025936009,0.5165640310539188,0.6233283497137574,0.514017300236357,0.6367972049106041,0.5645326575820229,0.5693719710545596,0.5034480793710019,0.5825367184660591,0.49683364803771657,0.5987544699641633,0.3108051363017461,0.6319695203645964,0.342821103330496,0.5771140884394041,0.3790981974595746,0.5695300048578721,0.37359808955939444,0.5879296840898618,0.3065652068503857,0.582880774732892,0.3071555931753619,0.6274492053202008,0.5237032248234725,0.5836265312122844,0.3809631019578199,0.5923728001022577,0.5141099529163706,0.5942844934401161,0.5255337393533527,0.6028537667122301,0.594206513389168,0.6319242082860278,0.5448191374298974,0.5977407469243685,0.5610391991856909,0.6364814827284544,0.5138916535461222,0.6405663497401238,0.5271000327382873,0.5641036624789746,0.3180860768887286,0.5726668041531935,0.31568874474894226,0.5785871708434727,0.3129646270393952,0.5743645087529146,0.37604984427962895,0.5853584861479417,0.3062477401519007,0.5827129864491458,0.30237760582619466,0.5816447726244257,0.30882044803179287,0.5742083427356188,0.383591667172714,0.5721793423394625,0.3098199326984783,0.5666968246747175,0.3092860922209466,0.5600653761536953,0.3084594340504827,0.5628460558497046,0.26537982946721905,0.5642155072775468,0.2757620231140634,0.5638172213560639,0.2851633949317728,0.5625065839890049,0.2948455477291104,0.5610471719552601,0.30148969904804046,0.5740007184040936,0.30458549512410593,0.5760842952316743,0.30194051164666635,0.5790515326247987,0.29738206996388006,0.5813525293526236,0.2924782546827027,0.590174458226747,0.3384647856801686,0.6423385931878279,0.417996388646492,0.5557050821871393,0.37112653461240164,0.5773456397918617,0.30593486681797155,0.5798802027553924,0.30432431619203204,0.566357666836129,0.36650045576751444,0.579533035484558,0.3713881858174326,0.5679605733018991,0.3698809588138531,0.5880869752429947,0.4290453999428401,0.6029328755318148,0.4186773066998575,0.5852028399600842,0.38936091138565443,0.6237647104892227,0.5823861087463371,0.6181726021007348,0.5565835598414194,0.6130806736487099,0.5281600251692783,0.5847966993181329,0.28474397307402466,0.5725947240834027,0.5215583197874623,0.5756317037269849,0.5619332820100005,0.5786379714627581,0.5997192125965641,0.6150082787741673,0.4687128867796876,0.6356352412566224,0.45400382631859804,0.5758343128134602,0.47347200572312176,0.6279056708228685,0.49161023079183785,0.5730603408082737,0.44586776760409885,0.5804660318172064,0.39223467943864565,0.6441044930413656,0.4456888713142031,0.6302451943621332,0.4415578984640315,0.618827791008154,0.434205255614202,0.6005073684833057,0.4366358407834804,0.5874865014376872,0.4432786235807178,0.5784624331806612,0.4497807736529299,0.5615511436869817,0.463173757120644,0.6422645678975064,0.4132036529287352,0.6347869118609692,0.4929779896933878,0.5616442259992767,0.3740482969751715,0.5794961938188806,0.4209839746342776,0.6463717326056602,0.4831226627517664,0.571762210731825,0.4567310268791749,0.5850185778767448,0.38910171104480473,0.623052610322646,0.4839955765926879,0.5802722216249823,0.40231475177902865,0.6387760546999561,0.38197385332408995,0.5760388718291285,0.4793539515252083,0.5737725514337855,0.40962206519837174,0.6180849409024319,0.29595392861283965,0.6151580739841829,0.2835297289727372,0.6471056548378362,0.41527363773954507,0.6275662469064935,0.3198159222957707,0.6447629797529717,0.5052319207255586,0.5851315099833232,0.23917174010980302,0.5595632911744686,0.3716984712360577,0.5869194894298677,0.41021748588890605,0.6423299226730272,0.47382833576078853,0.6063943393734392,0.4749751944127665,0.5976004228345879,0.47401712856842926,0.5854333696870504,0.30008663782216316,0.6383955971128318,0.3836241159383298,0.5669708648240797,0.21703322052564578,0.5934773920287535,0.24416396238483373,0.603744451009971,0.26052528507217765,0.549332971342186,0.5611171005190799,0.5455982906561759,0.21172271078658889,0.5895432327045326,0.47510561543932983,0.5822610356206577,0.4774025744646323,0.577829857102443,0.47844124960896905,0.6400981880664105,0.49715462626339857,0.5838431233875075,0.4896666196001672,0.5920082424975638,0.49411806001525405,0.6011655859296385,0.4952287680168036,0.6102426930631508,0.4931447051744452,0.6155857255985064,0.4894151169929314,0.6473381277688823,0.5160260902873979,0.6124596146690333,0.47734328104546997,0.5539120862954162,0.35308362363413814,0.5833909415398277,0.34776961942068063,0.5779959422179424,0.3815075052104109,0.5670110343385513,0.35163995562174344,0.5506750403240523,0.48487704308913315,0.6077813167164141,0.2742045022278583,0.5969718866884111,0.25706509128578503,0.5691887488924897,0.2249380032412187,0.6238155479272214,0.3093557844764242,0.5786471535013619,0.48328071850637044,0.5690044976115374,0.43902605362162717,0.5471971548662763,0.21967950340958065,0.5819462902680355,0.22875466552193113,0.6429435435656011,0.38251396218274714,0.5684011424078521,0.3030548751312946,0.5704276079315507,0.2982774715066674,0.5727377080537819,0.29114206514756813,0.5743342100743757,0.2828288883942123,0.5754101446155857,0.27394307681010555,0.5794432893338543,0.3082637126538683,0.5828398288112483,0.3097607405443654,0.585961597055786,0.31259230319031506,0.595598425114533,0.32555076879194833,0.6272685876865862,0.3714168784565295,0.5672555012316625,0.455424554367284,0.568983627062474,0.4860622938769381,0.5746730984933204,0.48653615004568174,0.5767279317619083,0.310418811986529,0.6257498082750841,0.3371584212541239,0.5623975034297488,0.48376805505613674,0.5798473791955975,0.2641916260338789,0.5554728729299634,0.4324135709699196,0.5630518445489063,0.44599155358850695,0.5540195196574274,0.4487533860428745,0.5760808723581115,0.41580463463464234,0.5482073190139147,0.23343605248574295,0.5488703185751194,0.25012423413379636,0.5654156201196514,0.25326367626479107,0.6008177894346449,0.29413760813058587,0.5921978774921071,0.37675640021112844,0.5914714412227349,0.27767041188016917,0.6108404829169539,0.380102650745876,0.5993772309850065,0.3608294279257811,0.6162247857252691,0.3564982514360069,0.5684516070054522,