{"id":26,"uvs":[0.5163475618666363,0.3750096364246912,0.5125451068801026,0.429331535771152,0.5146049534287984,0.4129391205735199,0.5190958545984985,0.4798311933429582,0.5113885727758752,0.4449840505093743,0.5102590844057819,0.46508544265449636,0.5078111979053572,0.5129720689290032,0.5878512803559888,0.5252089771500137,0.505386626839651,0.5448977273543398,0.5035597958643098,0.564474474163323,0.49800136976596854,0.6486311256037436,0.5168070236306493,0.3670241905234779,0.5174059621385578,0.36042557386801655,0.5177824539759555,0.35715753168861675,0.5181344396298506,0.34892941898590824,0.5184562346555597,0.34184726669815557,0.5189879372283281,0.3326748506305388,0.5196868002399687,0.3231477530961673,0.5214230479796321,0.3075900937079842,0.5132907637631726,0.42128466397710873,0.5235638735156396,0.42243327673296815,0.6265308230940123,0.5889044330209716,0.5565195875451806,0.509540256597651,0.5675087323561957,0.508877230880228,0.5782118071845552,0.5101359684591434,0.5927424380712663,0.5201011562749303,0.5473130333695013,0.5128535708833701,0.5691326893533091,0.5467942986254484,0.5576752062069357,0.5447935443601308,0.5800465885450906,0.5461216082960434,0.5877693825370452,0.5425060804283386,0.6025672950153447,0.5102225212940665,0.5654622198116537,0.28740736192712024,0.591971324731233,0.5295688994351335,0.6372744982337439,0.5209346427218929,0.6151689809652983,0.5216471601192701,0.5676049064000778,0.4447133206644277,0.5288333680348802,0.37789346779973476,0.5275875482280551,0.3605793009100574,0.5420763636647373,0.3722266040665727,0.5503484891737007,0.36431649117568443,0.5367057056285065,0.35897683300296845,0.5437011075981629,0.35633608132742123,0.5670568420225255,0.3385682152957805,0.521600831228042,0.430188413505042,0.5220390162198949,0.4452943638197753,0.604443561696276,0.5591437593962982,0.5441251483585074,0.48294406395138256,0.5474132679560673,0.435349947721164,0.5480359451745624,0.443627221866314,0.600796852158832,0.4476846129742622,0.5204426361542777,0.4642063022684343,0.5757717670319151,0.569665292707406,0.5923233939952324,0.5676877142378571,0.6126291382122232,0.6152346795298912,0.5279324500937176,0.5496618541326957,0.5477318263044053,0.5397754077892472,0.5738193599197728,0.3538163110300431,0.6392601555644056,0.37004991062097237,0.5394957878171203,0.4261685986111392,0.5306266803799494,0.4207667013886418,0.5596281100903298,0.3509370030858546,0.5539203274831201,0.35202996068534786,0.5979864587026065,0.5791038903121932,0.5479000328229383,0.4282953245697887,0.5543154269846436,0.5642546826087931,0.5553784702500717,0.5775921319971045,0.5635332135037867,0.6466843398771291,0.6047137972776265,0.5980840462832585,0.5579494620898927,0.6141302135592775,0.6110421059068126,0.567006998981216,0.6186254164774222,0.5775664198686994,0.5284196621483259,0.3679919082454053,0.5390413127410516,0.36432759859247676,0.5469728513707028,0.360076288708441,0.5366632266833319,0.42309335298517414,0.5566065685333279,0.35101959128977256,0.5531079700210347,0.3484966447987351,0.5528336409826718,0.3534242850593772,0.5337518225523472,0.4311359612336415,0.5415062146467992,0.3568869445108166,0.5346104810217654,0.35770273073584036,0.5265252621217942,0.35766619382807674,0.5353776937134593,0.3098036461580965,0.532464013157566,0.3253879688257064,0.530733414515163,0.33501832473099535,0.5291187542778757,0.34418192427720573,0.5277957016328626,0.3498630243721469,0.5433798251710564,0.35135945375720834,0.5452735008340535,0.34912317331631737,0.5484581831089667,0.3447359453853577,0.5515548189269854,0.33944571020335734,0.5599066359395204,0.38443349591680676,0.6451617623837804,0.4511810949947286,0.5138814144668911,0.4181434406027116,0.5478133659381801,0.35172513295520047,0.5500249537849135,0.3506029665521878,0.527661420211401,0.4137107646238045,0.5444296788910363,0.4181393771928932,0.5290695540994019,0.417044611804798,0.5558779491295178,0.47470281821330207,0.5739965984973211,0.4650211134837665,0.5500265095619964,0.4366259732121711,0.5925052512585005,0.6350130926207764,0.5852737152920489,0.6111912806533819,0.5787435764741773,0.5831973987411911,0.5592759159357079,0.3280686963643261,0.529745874313672,0.5699595421684035,0.5308049768441434,0.6122756508303858,0.5330732745862021,0.6504679938584494,0.5876013222594503,0.5137058547792162,0.6155549831114612,0.49968876195286027,0.5413774760286981,0.5165010058327096,0.6010402978301707,0.5396461433551349,0.5356258265911329,0.49210769829257983,0.5403443030359998,0.44073737662215284,0.6289369610240532,0.4897702103663296,0.6078458626923793,0.4876683511724189,0.5931528253154847,0.48050838060388734,0.5715213302044597,0.48199293251328834,0.5558247735189336,0.4878387743298236,0.5440420783962471,0.4943840435478274,0.5189451823776152,0.5100165984128845,0.6287524582259465,0.4557280775508131,0.6104534359776903,0.542332035227481,0.518736990259296,0.42216909423031956,0.5438767291009544,0.4674693548133414,0.6413421166580863,0.5225652969579113,0.5350041926553528,0.5017054542862746,0.5511981833083859,0.4355595493117007,0.5959791034176077,0.5291641701024122,0.5406127044308455,0.4507474982288301,0.6447709523213176,0.41200333843652537,0.541497303699979,0.5220818352478768,0.53068258898058,0.4591552509646475,0.6146762950663845,0.3274974441439725,0.6179752858082714,0.30949621977439334,0.6426840746635738,0.45323662098464257,0.6271053093073286,0.3514968713860306,0.6279729830198192,0.5519133166281326,0.5708656051278893,0.2697706436038866,0.5181008973547061,0.41889230831574564,0.5540262654422765,0.4564551999582842,0.6254508357611019,0.5196422349453349,0.5765693933710934,0.5194936229240104,0.5668909507378694,0.5177231855217163,0.5565171729952321,0.3457076062708906,0.628557221755242,0.42321119048433165,0.5524534122872673,0.2435583007034693,0.5874145740523591,0.26964502269406854,0.6020971329505121,0.28601223696138445,0.5004136130150841,0.6090969241693879,0.5276355442571791,0.2382068041434534,0.5578002243185021,0.5181412222721029,0.5492838010021996,0.5200928603883085,0.5440009968125699,0.5211253853100817,0.6187013783069157,0.5463655303742669,0.5501183077410654,0.5313405960330272,0.5593428903765447,0.535028977128616,0.5685795235437969,0.5364502941290813,0.5782137996687009,0.5353750182597821,0.584604692529697,0.5328526239829662,0.6354157031966148,0.5598539574805951,0.5831253036122634,0.5223390736097213,0.515172502061241,0.40101592768405014,0.5502643594182172,0.39468227923537236,0.5397254799297511,0.42874737515684824,0.5295465028456958,0.4000110712021151,0.5068777103762476,0.5298702987796676,0.60103030845462,0.3049222519492488,0.586786497124366,0.28714162937958176,0.5508489273496864,0.2567389293463713,0.6297202466955825,0.3355065697231485,0.5440331869985182,0.52585767553576,0.5277310898950973,0.4870314023837803,0.5261592053197389,0.25113328787225664,0.5713081108645662,0.2549092712976835,0.6416229473386055,0.41727025912598736,0.536299319771193,0.3509756383185072,0.538313277942066,0.34676523632771683,0.5408734457399753,0.33997103514703064,0.5434172389965698,0.33127687039488474,0.5489752770714018,0.3178353084303003,0.549544258015049,0.3540174289301521,0.5530554604061384,0.35532722532696615,0.55649010572452,0.35780943534185217,0.5681133745495057,0.37023313336479446,0.6119848233715914,0.41358875677679796,0.5270646177030736,0.5020984265240079,0.5314258832169783,0.5300707121282074,0.5388123857298476,0.5294326783886605,0.5471302994610187,0.356151467682712,0.6174458368472134,0.3743398445479723,0.5215410691663708,0.5287337768182345,0.5576214307471317,0.3033996590366741,0.5093993968110448,0.4815541414590183,0.5192350652977848,0.4943197299158374,0.5086676489108745,0.4968583131898521,0.5371441507729035,0.46373109460302175,0.5246684112442745,0.26940255007427805,0.523005000923405,0.2901060486982968,0.5408311701160222,0.2934805984399038,0.5808136724086294,0.33392050265321926,0.5606699980118566,0.42316062434264,0.5708864998332366,0.3166110710542491,0.5854968640813943,0.42637065282969033,0.5711603785155939,0.40692540151083745,0.5965914828975265,0.40019507282111644,0.5466235948296869,0.27444294388735224,0.5443825142238545,