{"id":3,"uvs":[0.5354520014693194,0.39837705611130514,0.5373687758150795,0.44056194296197204,0.5370715314632251,0.4299191955877316,0.5471273111479991,0.4920411584553971,0.5376232398263492,0.455248605992124,0.537974394866799,0.4761979332813566,0.5388473505764688,0.5294045292413505,0.6152774090224631,0.5432655532470384,0.5390759393308426,0.5718746649906599,0.5391370370552113,0.5925229283037367,0.5401495925652784,0.6683841430577113,0.5352780829754498,0.39167373319991705,0.5351062212579065,0.38614928086243205,0.5350400197584719,0.38362051169723066,0.5343613379591206,0.35638517997004227,0.5341324123005704,0.34795275655577707,0.5338714190421394,0.33842891707603917,0.5336412904321818,0.33006338143862,0.5333806986602878,0.3234876048507064,0.5371778832212226,0.4340656657558868,0.5464449985754947,0.4360559233497956,0.659500399239437,0.6076221749528807,0.5825226493857516,0.5295266413154662,0.5928501106420248,0.5280875289778234,0.6035230324186842,0.5281494749826945,0.6191861776568772,0.5386217684216494,0.5744877365222113,0.5331380013131317,0.6001576502309948,0.5731510811834345,0.5876704527556027,0.5716130441481493,0.6114930684349635,0.5702482451271665,0.618845808578107,0.5639302476827315,0.627267830270323,0.5274171756192838,0.5713500186285649,0.3168623637752652,0.6202703532536366,0.548421757851582,0.662221720601931,0.5418942572607555,0.6402796036815167,0.5394166695888049,0.5890492988269438,0.4613807954957846,0.5481386811638761,0.40002677478515825,0.5449684899371527,0.3857217560233043,0.56001639920081,0.39477052986009353,0.5659111649635116,0.38881552161009614,0.5530293809211635,0.38395666870340306,0.5583773040256292,0.38171341797415215,0.5786356935376586,0.3625400374708254,0.545649569546901,0.44076567982188897,0.5473921107990918,0.45519456480323706,0.6332606206027125,0.57618200055225,0.5696101520460366,0.5002626909610479,0.5678547311864139,0.44889194572020497,0.5691706985358295,0.45760295111032745,0.620320482114735,0.4645125064186647,0.5473746021483248,0.47476262870812935,0.6081000166989678,0.5911420801302303,0.6228208571723594,0.5864128658909049,0.6479593118317319,0.6314669422713706,0.5619422151004632,0.5769329431501922,0.5772935340362705,0.5651355459620722,0.5854097040616879,0.3789890169907252,0.6442690337819045,0.4058715308709224,0.5598724609824626,0.4407343666602279,0.5522369345798779,0.43614240350254807,0.5732116945629926,0.3756346238920195,0.5672877957390523,0.3759381180610374,0.6288283039664029,0.5961255103398758,0.5675039884817985,0.44344345963595166,0.5883006782387685,0.5896036214502187,0.5904752009782435,0.6008672178557499,0.6034079498049927,0.6619205030088182,0.6383734409319977,0.6133229759179787,0.5956330650039517,0.6310129891550816,0.6403193858678178,0.5836646534145423,0.6501309993917685,0.5943903181400889,0.5466716466344002,0.391884001216558,0.5562795720299589,0.38832154535247476,0.5623423209830669,0.3850570924141685,0.5573991738773632,0.43830552591928484,0.570171213266378,0.3753157689036024,0.5673796441912102,0.36660298899027877,0.5659919694594717,0.3774539492983774,0.5558198332288321,0.4429545811672758,0.5560077605523144,0.3827073369238635,0.5506038689881976,0.383449185709159,0.5435390532994016,0.38365650200798895,0.5481960164193345,0.3252259064939562,0.5480121729481515,0.33233165525462005,0.5470954066310553,0.34061637533114786,0.5457228012829753,0.35022357623013367,0.5444392970869181,0.357168742589165,0.5578371414477912,0.3647068795466253,0.5602328990261979,0.3619814159268797,0.5636169786921683,0.35770986254249937,0.5665174072241472,0.35358834504137815,0.5765813532759716,0.4053714017321335,0.6602410422120739,0.4827186412060954,0.5371301149437129,0.4326279863057748,0.5614780332300877,0.36928439171820004,0.5643105160384267,0.36793539006620335,0.5490353252242135,0.42994376804965917,0.564213871380074,0.43520450902769203,0.5506100713732027,0.4329035126322228,0.5796366036917957,0.4924358098860453,0.5965237218771136,0.4820176270792236,0.5702781562142549,0.45184030604650216,0.6302309156233369,0.6500344649450256,0.621063250333638,0.6262106368652849,0.6121851088039949,0.602346957588948,0.5717962564739327,0.34845172556049875,0.5653818988005157,0.5961174185137545,0.5694395787222557,0.6306210119740465,0.5744246307439129,0.6672891355245214,0.6133144053699364,0.5316683970782274,0.638908818716162,0.5165467744153256,0.5694687198642867,0.5370122851704534,0.6290539825341452,0.5573821950426259,0.562867601030157,0.5088971144228364,0.5627233496340196,0.45250364385972375,0.6507005893636035,0.5079967197052162,0.6306511895548366,0.5042523008057058,0.6160278607331715,0.4972256597365252,0.594955800608171,0.5000014217377872,0.5804356476865702,0.5066549778508536,0.5705435330152792,0.5131783788884737,0.5489840256635499,0.526210017938007,0.6471001360066695,0.4752986127066392,0.6377800948764045,0.5597444820024438,0.5422307954085201,0.4344685937091879,0.5680141985845444,0.4837881217419726,0.6664057042492755,0.5488084733366996,0.563137258803958,0.5202422092687902,0.5714723938435438,0.4521871225831203,0.6236653553233933,0.5482513865045521,0.5636716579401474,0.4634920736804451,0.6549509790320999,0.44600488648583725,0.570235442398411,0.5428249489412803,0.5560804623221445,0.47062913573769616,0.6166316340249679,0.35816511648089533,0.6175973906683748,0.3459374390881904,0.6598101540610599,0.47774698602732124,0.6309978633908933,0.38113073566793365,0.6570293543803709,0.5706572565110273,0.5733923355689463,0.30406818877470276,0.5410757616497055,0.43300748908731324,0.5765764144170933,0.47352581100622126,0.650076543550278,0.5379812301633717,0.602803198308946,0.5373415505067607,0.5931846421934719,0.5364552362275272,0.5705520735535312,0.365398818544142,0.6427941880789136,0.44556812667701395,0.554808455971137,0.2829194129273398,0.5867949437618161,0.3089344855740386,0.6009109067410089,0.32435975799741823,0.5396460351749546,0.6297335558548018,0.532298361484213,0.2792016934016601,0.5846092832769734,0.5376931542378686,0.5767179547137886,0.540315368102763,0.5720238588859938,0.5417459165704329,0.64630321825658,0.5641254673245166,0.5794079976006868,0.5546813475102026,0.588704411712454,0.5601077761032403,0.5986213454232188,0.5611771029432733,0.608476990664611,0.55845940186331,0.614347750701107,0.5539335216797148,0.6656250492276561,0.5816714221507364,0.609851491049696,0.5398958985766943,0.5364853682652941,0.4201659827193681,0.5689487303817753,0.41372836586200235,0.5603577600779741,0.4422599215743227,0.5502076332838077,0.41816468613530666,0.5390784707714056,0.5518663937705411,0.6020313163492859,0.3378111196702702,0.5882528798356726,0.3214602648171383,0.5551325093297942,0.29035466291145373,0.6312432342979193,0.3715186841648943,0.5732290416972231,0.5470346076975093,0.5553822806801145,0.5011533149091669,0.5324338393126323,0.2863108355055559,0.5721032776744343,0.2941032392938572,0.6546333603748096,0.44421306330969224,0.5520921858238401,0.3603779225285061,0.5542809944840235,0.35542504818200615,0.5569359730970637,0.3483497717990873,0.5589753909159849,0.34079849870691437,0.5619777068212108,0.33492442639721554,0.5631684553428844,0.3794945406601987,0.5669867816035278,0.3809385499677336,0.5705689512364875,0.3834955617413728,0.5818870228442458,0.3935348749393319,0.626074157456926,0.4339543842362289,0.5559095463852193,0.5184621623807331,0.5620797412331043,0.5524030755110237,0.5686489462284176,0.5519519449515777,0.5607530409068985,0.3818116744036366,0.6252676222389668,0.3993879075061486,0.5529583931414311,0.5506634787641256,0.5670600897729124,0.3277676958139891,0.538246693025058,0.49405635884883503,0.5482273802631177,0.5079021497380246,0.538567959877314,0.5108064773056893,0.5617392097072882,0.4778958387311255,0.5328249282924242,0.298903089465947,0.5331839298779345,0.3131319401292114,0.5506951095419295,0.31603889968457,0.5893516194773127,0.36026300709985204,0.5798965321387317,0.4406204215179256,0.5797820032628126,0.34275359716388953,0.6035919898728719,0.44315137190978193,0.5881789501218412,0.4253263191569341,0.6096835676660688,0.4200624856521421,0.5535288962700454,0.3028679424665879,0.5671162288855357,