{"id":4,"uvs":[0.6427853134550823,0.41338801289247873,0.6477661388924745,0.4500297782303383,0.6447767023881592,0.4429720380383515,0.6580972686009856,0.5165052733405411,0.6485777523135003,0.4670496988992693,0.6487617680325537,0.4940645121279289,0.647731397119609,0.5658949088723811,0.7272932598873332,0.5856683609015607,0.6487189721712356,0.6239900801353493,0.6497158984107545,0.650651216298662,0.6517560449320088,0.7450901012665522,0.6421666698834094,0.40680567166644543,0.6414295415873399,0.4027887484471875,0.6406421249654698,0.4024549607653253,0.6405468381408557,0.3996475622375326,0.640366015208141,0.3931074379901819,0.6400645643460853,0.3850780540772988,0.6394869908683192,0.3770681838992853,0.6381874267637138,0.36651404075114935,0.64685577869718,0.4436437701088398,0.6581000175275671,0.4492648606087527,0.7696048873605212,0.6782403980922629,0.6907494810133142,0.570246018503308,0.7020673365316888,0.568667007507166,0.713879789679172,0.5698659399686353,0.7311864362446299,0.5829765235837409,0.6825681985885221,0.5741482548149488,0.7141388621861529,0.6174729584993842,0.7010907778519776,0.6156044139509032,0.7254543377870355,0.6153453398457872,0.7321993786693675,0.6093002356483077,0.7390998152094224,0.5742831921665172,0.6749316947752175,0.3493917735989168,0.7324959486145428,0.5914654091310705,0.7696711244235692,0.5999598367834245,0.7521226317070544,0.5912090700264492,0.7021724935639782,0.49400246551010385,0.6579521527080432,0.4167840966907512,0.6544244914494449,0.40431149731036065,0.6718970258190566,0.41710600147084276,0.6791878155284925,0.4172083998809415,0.6647189484732944,0.40692974626397216,0.6717874768793671,0.4092324368960276,0.6883609995916291,0.40337088014113864,0.6577582729218827,0.45113752283538466,0.6599921689068281,0.4680190855235762,0.7503694989080745,0.6327393870852231,0.6800342062556426,0.536225883924963,0.6838223283963575,0.47072591056665947,0.6840284518959999,0.4824949200824844,0.7354346199779798,0.5045803283581416,0.6594299536397227,0.4932777921917716,0.7285728583638545,0.6484143503954792,0.7421578745353878,0.6438216424618948,0.7627277128235492,0.7045074468983425,0.6767924695999099,0.6294194924930081,0.6894815803668378,0.6088575930631539,0.6989640546845541,0.41730536446036226,0.7413117054085203,0.45472017078935445,0.6752678789807975,0.46078895620230986,0.6652745702152572,0.453234616057282,0.687233996400251,0.41652515134724766,0.6817786294030352,0.4148053725275469,0.7489015073362926,0.6582663634499879,0.6832566815625429,0.46696212879673915,0.707987343406553,0.645435595408802,0.7110410029452483,0.6609049974458033,0.7226853419345627,0.737279275709868,0.7562473484896967,0.6805409049670524,0.7156410989479873,0.6979643168863972,0.7572916343523594,0.6446899334279834,0.7638561394560767,0.6595057759503866,0.6564405129030806,0.40915586932454007,0.6681448051687121,0.41054011914674937,0.6755550544268374,0.41279586486426234,0.6722251872264502,0.4580661923658619,0.6844972619611882,0.41561997977722775,0.6792569257384042,0.40996453219532913,0.6803989329662058,0.4149573823462468,0.6702661329333113,0.45868107423878446,0.6690882743304556,0.41083468679823976,0.6617299847254647,0.40751806751627095,0.6521375238636293,0.404040448045462,0.6522697066031586,0.36804746524967213,0.6531495878072808,0.379355664830489,0.6534037342829889,0.3876275824249289,0.6531080888484122,0.3954991651459572,0.6522273503304147,0.40102070647801336,0.6696705308823646,0.40829556187451876,0.6713156415593872,0.4065362223800082,0.6733548707963828,0.4029680633072492,0.6751158955050172,0.39853548008840267,0.6911017920951879,0.4332769453939953,0.7587962542855815,0.5385321333663982,0.6459502899779397,0.4434490544048513,0.6742028853381652,0.4110976343971814,0.6766380628866411,0.410908834786312,0.6606154322597303,0.4455088326181703,0.6790188363150214,0.45862792788261764,0.6629184691291052,0.44896939850287343,0.6908021069698707,0.5289602010414566,0.7091565143532925,0.5195362842816407,0.6848738865138713,0.47798705787691675,0.74870622324625,0.7246534719058909,0.7415491759588257,0.6943684738636335,0.7337198940872645,0.6642481384855303,0.6786014131090767,0.3899745020869465,0.6819717419320924,0.6541289452717174,0.686136476393745,0.6960442494635822,0.691358093143102,0.7432909736275716,0.7247195811564114,0.574629151576439,0.7506985420946506,0.5647953493144222,0.6780076492254719,0.5779859312103721,0.74269943087178,0.607294598004219,0.6727368986123463,0.5447160956969681,0.6779414072712442,0.47079400737516897,0.7610363717979911,0.5577093096115054,0.7428382487759855,0.5495935848207989,0.7281957002263918,0.5400193145969647,0.7058940899799373,0.5401805608043172,0.6903462688272186,0.5458652441544978,0.6799419424655324,0.5519979803865651,0.6586234287325505,0.5625306469539026,0.758500586215305,0.5212849267686575,0.7519830866971602,0.6140781642709241,0.653019619766182,0.4447256306787013,0.6795165031217232,0.5155731466502318,0.7688742806853788,0.6132986279887298,0.6723282065992001,0.5588858266920369,0.6852187720377916,0.4807722855468921,0.7360201404102007,0.593793977374719,0.6779323871516494,0.48565323708348607,0.7519623030558069,0.49791084603136293,0.6791093776930486,0.5837093200740006,0.6690102795929141,0.49067313394853507,0.7203535972787558,0.3983309147942671,0.7151760515274189,0.3873876255607166,0.764611811824029,0.527718503791332,0.7357341900098247,0.4235962814751326,0.7676258627479295,0.6324331375856095,0.6755017238513111,0.33593030747416863,0.6510813549187127,0.4442638234140459,0.6886665701661879,0.5059332694671697,0.7609147479868947,0.5917961862595229,0.7136762057967962,0.5781793332011838,0.7025988467960933,0.5770326143509787,0.6818512313203977,0.4084565065972716,0.7542949804876193,0.48867258232549216,0.6557089839022172,0.315097619553503,0.684613890469361,0.3435086898298124,0.6978194306564143,0.3619766543085807,0.6508254124084782,0.6953540147023456,0.6348200948143309,0.31054526004628824,0.6930828746472775,0.578815515523524,0.6848609138235873,0.5821026019078344,0.680573098288314,0.5834382108522695,0.7599165357087744,0.6220992131938687,0.6893985620703432,0.5933192666495039,0.6999528986274487,0.59703347650818,0.7104278894514333,0.5976076897274425,0.7204126497137237,0.5959722785515561,0.7265348506805855,0.5933501776751411,0.7719809705441217,0.6496250269546062,0.7214884942232291,0.5815280235818687,0.6438768684520739,0.43431306433568495,0.6826811126700547,0.4377432473044106,0.6759308589202102,0.4612048966460436,0.6605547932727509,0.4348743116129279,0.6478417534270535,0.5967914573977522,0.7035309925772595,0.37496039391938574,0.68956994066552,0.35573807033821714,0.6578697559830391,0.32109091937201273,0.7289795503316222,0.4169802737609247,0.6824993661356598,0.5872542806379283,0.6660022093973809,0.5316599985235599,0.6360691338456894,0.31678512041940776,0.671340066783255,0.32705075009641604,0.7582633821670421,0.491301261756122,0.6621753594205226,0.4044019517470021,0.6636103393021051,0.40065086395136185,0.6647554212879712,0.39478731912923126,0.665365264683,0.3872315163165636,0.6668297540069079,0.37726365651869953,0.6778829642872312,0.4121442006919568,0.6815417229608463,0.4143602937260097,0.6850496753993772,0.4177350104236268,0.6974609690315303,0.4266932409406978,0.7416723305515391,0.47303488971744967,0.6656529502502359,0.5542837908885035,0.6723686392825323,0.5968012978776274,0.6784929666439092,0.5945393106729007,0.6751288635285794,0.41374159935641275,0.736574833489323,0.4395068794662864,0.663170641790987,0.5952875585366353,0.6712116272733928,0.3641768695886666,0.6482742462275923,0.5181386902140073,0.6584724005008502,0.537913846770661,0.6479115486333656,0.5405805295126141,0.673786947600466,0.5046507756646867,0.6369992056572168,0.33077900597803,0.63750703002434,0.3498947397195431,0.6544554926588897,0.35235534031371596,0.697072856048963,0.3978343302516779,0.6937961090476827,0.47014307302643665,0.6846631658392612,0.37989580082089514,0.7197117812810652,0.4773792666914475,0.7031168173799462,0.4561409481281661,0.7268644859805999,0.4555261268291064,0.6572147621383588,0.33438673548408826,0.6797222177951812,0.4992821663135394,