{"id":5,"uvs":[0.46808448164829297,0.281546442471472,0.46984367448561215,0.33549109026310187,0.46838360425578063,0.3184942754877841,0.4762860898694634,0.38351213234124004,0.4698171585363158,0.350919505113628,0.4690420990507852,0.37024121790357867,0.4664381391677459,0.4169700166552833,0.5341579379830674,0.4214074002597916,0.4649211738019927,0.45893194657929237,0.464460929130849,0.48072301004187157,0.46330226415964637,0.5548080414827883,0.46795689896622583,0.2735391101677659,0.4676888039720718,0.2665997741888857,0.46733893861581477,0.26313238492158,0.4672324121413082,0.25619315025877154,0.46738143468272453,0.24847379475125775,0.46738991012988806,0.23899022047924612,0.4672868182758806,0.22963532730370173,0.46685777740689427,0.21814033177440395,0.4695202079282197,0.32730996158317915,0.4766702621240846,0.3270840908931364,0.5678574419246856,0.4833113458122943,0.5065829582772959,0.40717761383470263,0.5161683998547015,0.4060889922524079,0.5254158952865984,0.4071122195666462,0.5379081916200494,0.41662378317450754,0.4986239759302459,0.41109749417131003,0.5182727002409204,0.4513198725021724,0.5078287869989979,0.4494101206708875,0.5282454506081142,0.44920251957615265,0.534972473666428,0.4431367549476942,0.5458662343167309,0.4066073045141071,0.5013331931051699,0.20196903575803593,0.5375042145269227,0.4256937676938728,0.5725772388427054,0.41632043400893826,0.5557768188456742,0.4184999148799169,0.5147423349320418,0.34449326640625355,0.47885787716319295,0.2842137481506044,0.4767999454094647,0.2668161254720076,0.48967385797942165,0.27842472331821055,0.49629205517316044,0.2714106341491114,0.48442486155092,0.26529103643629326,0.49015954721648347,0.2631788062550404,0.5081754746798938,0.24621438978090004,0.4772672946985984,0.33577557653635937,0.4786288417328851,0.3503614385770648,0.5490331568141817,0.4601400078456679,0.495204341752715,0.3826466803137958,0.4960615212077568,0.3371144507001508,0.496940520347677,0.3447918551690109,0.5433333557505693,0.34593483678705605,0.4776486716589159,0.36847996555339424,0.5264187333576669,0.4774857820921824,0.5395010318853279,0.4719241447634255,0.5579365375146457,0.5109130768024202,0.4858448447589805,0.4633718673912288,0.4990900402079981,0.44304019393472893,0.5145477972012096,0.26118847997308237,0.5593781871449983,0.27406508873002033,0.4888607911707208,0.32864832301129543,0.48161717257664105,0.32391075346144915,0.503547185831182,0.25974519913240157,0.4985449585565813,0.2605587682720787,0.5445840731848852,0.482187272535028,0.49565880336733914,0.32976132616824927,0.5090964328668541,0.47607333626151394,0.5105811407071221,0.4886056300016478,0.5194193568573828,0.5471260273940666,0.5514829111179017,0.49677394539618447,0.5140336439807616,0.5182314965551094,0.5548935561254185,0.4671319065546462,0.5618401778781225,0.4745019454563607,0.4780565219643609,0.27457993028742733,0.48688427476750806,0.2708443237315433,0.4933950760678414,0.2671716116383175,0.48630355364239564,0.32554572001707505,0.5009600964350942,0.25974158650311796,0.49817930271528377,0.2562863702533207,0.4974501690007991,0.2617636095384033,0.4856177347981744,0.33507781476754783,0.4878278939845111,0.263599166319075,0.4821073627640885,0.26381747533542044,0.4752966203273755,0.2636514616696477,0.4796840296519429,0.21902428545969954,0.47953337518630346,0.23153665175844274,0.47892485709830435,0.24118564755755856,0.47770392587600785,0.2507443788235477,0.4764325736310576,0.2569964687388192,0.48987904247522307,0.2589750404913431,0.4917413439772551,0.25654584301143857,0.49447957987604096,0.2519886918138897,0.4967711321694881,0.24647009608944093,0.5051838152159618,0.2893025769348254,0.5707295525563376,0.34942788527477353,0.4690047544692263,0.32382401809734807,0.49334813513906517,0.25954753444082224,0.4954923106302128,0.2584406104506156,0.4789781930906405,0.3177710518036534,0.492226923434255,0.32015512109958033,0.48023039009767454,0.32071778992616806,0.5053554151420501,0.37392838421167285,0.5212849555553618,0.3638369223724508,0.49788385534472845,0.3375853058523497,0.5424849606796311,0.5325869214996515,0.536203851493134,0.5120242965379819,0.5296643509901615,0.48963843347953095,0.5011819405348812,0.23598371427886355,0.4883551959874862,0.484115509820949,0.4908614795793168,0.5183583633621209,0.4939455646740254,0.5537472483818129,0.5334119693478847,0.41040186257213107,0.556304319904486,0.39581686655913784,0.49343152803162904,0.4154803495037228,0.5454045682254891,0.4379961817577791,0.4884587016641675,0.39256707280825975,0.4916876749758451,0.34385009565181357,0.5663078632019187,0.38585564894097124,0.550375978204374,0.38430370092365174,0.5382411043924793,0.37800861583854706,0.519408179902968,0.3803650157030857,0.5056549016656631,0.38664352362589205,0.49553214790131184,0.39376483452258737,0.4756410425166029,0.41308938865191713,0.5649909779723121,0.35310010304618655,0.5531007128509853,0.4408185778887491,0.4737658130698057,0.32776147195968264,0.4944042517768016,0.36786365168075463,0.5740726995672969,0.41804864149143606,0.4881072710717196,0.40207553566896537,0.4987791032810903,0.3362368627227321,0.5407212125658689,0.42608678908648967,0.4921136488219673,0.3531700663659112,0.5667470242318213,0.3125974842785618,0.4931397670784986,0.42111181584113033,0.48526436332498746,0.3626274645963262,0.5393435694467568,0.23631825643309834,0.5379998201243191,0.22128943800249679,0.5728869988038245,0.35078035071590585,0.5517447403540099,0.25681332687940783,0.5677588421823284,0.4475015959384182,0.5022612566166744,0.18949789838083841,0.4723460051894608,0.32431476667274084,0.5027783864208835,0.3564534134601126,0.5638852317899635,0.4159379423274169,0.524494575340396,0.41604773910389936,0.5160171266232476,0.4145616535598188,0.5008430768798531,0.25343563727907836,0.5620087860106671,0.32250572952160006,0.485322786525061,0.17017015781707645,0.5116659258102154,0.19055402015538148,0.5234275035824467,0.20283486569976417,0.4640388793478357,0.5172839843102286,0.46634980010751803,0.16626708411613622,0.5079877749970412,0.41522799262911325,0.5004847688989398,0.41776012271537977,0.49562896938251866,0.4196115447255713,0.560038104791145,0.44430856217806003,0.5005606261229315,0.43013065717450505,0.5085823659060358,0.43389518597267773,0.5169727115756519,0.43508166851005925,0.5255405768802642,0.4334034476813672,0.5312788953990887,0.43011017201843904,0.573068700707404,0.45412350317839045,0.5301607873360672,0.41861262896469964,0.46811621106355905,0.3064531505436673,0.4970666877174579,0.29845409241326804,0.48941224654763393,0.3315054016683564,0.4801766190997401,0.30445390931713834,0.4655071461285264,0.4379003631737136,0.526340921020301,0.21774827840313538,0.5145903547079973,0.2039001354593365,0.4868109170372965,0.17782000682589894,0.5495373998740759,0.24322208523098476,0.4954331919548802,0.4246682260168352,0.48260521583388216,0.3890990985657885,0.4668331554262807,0.1744318840989002,0.49953489801938233,0.17924563136057914,0.5691822208465284,0.3170240754030167,0.4839614603399345,0.2582322284163562,0.4858903166226889,0.2537402351413163,0.4879959265987326,0.24646811185259154,0.48949295090004596,0.23776888125225037,0.49196141521497927,0.22634069443171512,0.4949938863915735,0.2618220648615337,0.49820526488689243,0.2633613131126926,0.5011958998571138,0.26587277019352895,0.5112974358525955,0.2765062853743684,0.5493231984661489,0.3134739419359702,0.4819764514568423,0.40386060462579787,0.48595176018841757,0.43376288388707884,0.4913877932122517,0.4308647259840275,0.49260604647158934,0.2637314750478148,0.5481273438515981,0.2772375351137166,0.47802550075215955,0.43522091606264746,0.49721368452205694,0.21444459694654927,0.4680275581970782,0.3859059238790029,0.4761935636753132,0.39723339016526005,0.4672598839663996,0.40049805445109665,0.48942103666157033,0.3654554171788227,0.4670369985672681,0.1872410068748087,0.467001078967758,0.20362769433782846,0.48301966212599945,0.20538015231189255,0.5170132363220137,0.24176658997568623,0.5069271773035952,0.32384748053932366,0.5081485876071388,0.22624389102174192,0.5292692047938753,0.3263334421951265,0.5157341131933653,