{"id":7,"uvs":[0.15369422066453597,0.73981068421131,0.15322171193966816,0.7658789793710954,0.15210530413611323,0.7578629946012503,0.15456744398306976,0.7923675168707451,0.15282851149501708,0.7738936828071332,0.15154786065773462,0.7843994461376481,0.14756525551725774,0.8102639668643377,0.18179473720990946,0.8170865826397516,0.14531860450511924,0.8282339044145598,0.14454499949161193,0.8385009139474012,0.14029663071123588,0.8804046235177037,0.15394462590552194,0.7358809545749052,0.15399351269254213,0.7326134438131302,0.153732716283434,0.7309395330519803,0.1534684506516263,0.7279596687352671,0.1538875775148827,0.7245193628988662,0.15428318868869673,0.7200261502464059,0.1544352626456652,0.7154767211400865,0.15428399872386644,0.7074834762206909,0.15290088511612676,0.7617490716284068,0.156689144959821,0.7623112737404955,0.1965375769029818,0.8497586991863602,0.16722204427190446,0.8087419617699355,0.17255481882102464,0.8085732862982327,0.1776367065962957,0.809284571986874,0.18378687326706655,0.8144651628562767,0.16276434490971625,0.8102469649332702,0.17350347487391526,0.829564674331392,0.16772910466309654,0.8285277459324768,0.178788334319943,0.8288396658736091,0.1822757578454095,0.8264979795486007,0.18857987752913397,0.8093643549677523,0.17410267737180596,0.6976839659329226,0.1835234443952588,0.81939115146614,0.20193892086722076,0.8153719715281289,0.19377029352734254,0.8153549380156222,0.1749883876856212,0.7750875270527857,0.1594899714578576,0.7411640595514871,0.1587665555567076,0.7326707978278822,0.16543747603681824,0.7383617641859338,0.1690261184882993,0.7346005860003548,0.16271767495588296,0.7319143817881589,0.1657000113117767,0.7305952239984285,0.17564575235612534,0.7226523565068537,0.15727478534599493,0.7662818539628762,0.15771463290863952,0.7740534250937623,0.18946696983733924,0.8338923238290374,0.16308998404671682,0.7946206385569158,0.1667421867365082,0.7691484163092612,0.16656834280378896,0.7735601553127605,0.18991836435901488,0.7773951099725077,0.15614524139700836,0.7839645625877005,0.17726936195701848,0.8398866546754211,0.18444060454333866,0.8384423181375713,0.19095558148012248,0.8629176303415178,0.1556716948474388,0.8307506252937581,0.16278384514985056,0.8255461432036661,0.17895077212019328,0.7300839977853884,0.20148788993144207,0.7389188613450224,0.16296022372957086,0.764348373074171,0.15918738155174061,0.7616725263462253,0.17264996157892487,0.7285143927100648,0.16974541259067455,0.7288503510386553,0.18663473081043702,0.84389097560465,0.16646093155986486,0.7656770712630885,0.16780063660915556,0.837832690545351,0.16845517454433745,0.8442918435598602,0.1703913145047652,0.878709507806135,0.18878271931378865,0.8537481227470647,0.16901198694969088,0.8621213439274522,0.19207833996370427,0.8378459947464549,0.19446245327229128,0.8435139946082906,0.1593757238856368,0.7363384151017971,0.16407323705696075,0.734462326202233,0.16746797582691952,0.7324765163726583,0.16166362549816315,0.7628107871925228,0.17118869978120965,0.7284509761124189,0.16959306446844147,0.7273308149962177,0.16901526531408828,0.7294910575895204,0.16133094290768157,0.7666885823470866,0.1642844913971332,0.730819795382052,0.16138329064396106,0.7312382662820278,0.15785961086889755,0.7311741307328992,0.16078054836873823,0.7086019176529532,0.1604079598436179,0.7165177199673768,0.15979570213507122,0.7212982488945073,0.15895054621757543,0.7256311303156537,0.15813629480114288,0.7283584484371993,0.1649714167049957,0.7288318967871014,0.16602407281913867,0.727780602511345,0.1675856668520891,0.7256384150997969,0.16901801914552617,0.723064986006883,0.17298516383659002,0.7444647029313325,0.2030287843434665,0.7802896666778188,0.15241265715663144,0.7601673771543536,0.1667388715366689,0.7288536951329602,0.1680340119233098,0.728321905582682,0.1580598520974349,0.7582125973296898,0.16481698798605882,0.7606238580043856,0.15862524673723777,0.7598464746209326,0.16845809700595815,0.7905194548690229,0.1773623804841462,0.7858378162331567,0.16711368056719544,0.7701185036987044,0.18271633050008784,0.8727815326695085,0.1806543874604699,0.860302389553579,0.17861096763069717,0.8463519013950396,0.17200243434995666,0.7174807288562399,0.15682689155379004,0.8409447769284154,0.15682045790417498,0.8615314685834911,0.15681854939452722,0.8808818474018831,0.18171489266322782,0.8111591722337306,0.1947252906782081,0.8041087768339967,0.15990477167510442,0.8120723336660125,0.1877625474707293,0.8243134542052623,0.15932165139603294,0.7993236099900025,0.16432542898932878,0.7717817028607878,0.20047479419670033,0.7992737619329724,0.19196097744982998,0.7978878584203049,0.18563497948781105,0.794109243062642,0.17538104393408704,0.7947143730461391,0.16780986056338887,0.7975123727332832,0.16235195464114238,0.8007008223998854,0.1524695431388351,0.8087242955479302,0.20113967756330153,0.7819585437367975,0.19188180408422095,0.8256427408762552,0.15540582044286222,0.7621804541628748,0.16354787776964463,0.7863792115482229,0.20152706286922717,0.8165438373927498,0.15826726257145185,0.8044126972367632,0.1671443172231457,0.7697173954793948,0.18524127431390736,0.8191913019056303,0.16382978094625078,0.7771024232976399,0.20321153028489836,0.7602302585316858,0.15966925149969902,0.8150500227090345,0.16022768372592,0.7814441449653047,0.19462180513991212,0.7175411736379571,0.1943808744747434,0.7084871994001352,0.20502970000666942,0.7810353541205441,0.19954944875069458,0.7294095056912326,0.1982566508318616,0.8308156132644207,0.17614299486485174,0.6890884290342976,0.1543469171221059,0.7605387233246665,0.16811791527975328,0.7808665752858502,0.19802533210825746,0.8144213872464225,0.17681682072638472,0.813989247753731,0.17222381484324611,0.8129640966417636,0.17120443700292276,0.72597733430911,0.2010590360790866,0.7655032911202901,0.16730027052090635,0.6757252083557252,0.181987152312988,0.6890269291168152,0.18804872142937157,0.6970219506395071,0.14252948986478953,0.860197120279499,0.15567544797053245,0.6723953927236767,0.16777260126115712,0.8131099379101521,0.16351223419468053,0.8140002823029351,0.16087820737088598,0.8145046552270088,0.19515028377707633,0.8277614448389394,0.16377282019080053,0.8208577694686747,0.16821010919425516,0.8234180137289071,0.17290373375189116,0.8243281301229505,0.1775877107633541,0.8235199082148599,0.18051877782388126,0.8217651913291898,0.19986817825890424,0.8352315211845439,0.17976581233721967,0.8154899403738732,0.15248342601188125,0.752172657028042,0.16839846557216942,0.7491998590405765,0.16331415690584294,0.7655611940113469,0.15924012784906072,0.7516745069713457,0.14606199029184697,0.8197331507006925,0.18876799793149268,0.7064741323059172,0.1827587004636464,0.6977951782241706,0.1675643062117118,0.6822713065643096,0.19845942421829388,0.7214394463203926,0.1609209933146708,0.817309311121666,0.1571297788553574,0.7964004784264371,0.15605220101923611,0.6790895531289669,0.17545506557688695,0.6816269053987728,0.20480285507798002,0.7627615792687277,0.16197244024737112,0.7287963974782102,0.16304045644009602,0.7267992064152857,0.16429774149062704,0.7234958240709131,0.16538099959048336,0.7193161233791481,0.16718281094030119,0.7124361719498653,0.16809307491443526,0.7295029643771039,0.16993164494050095,0.7302266502235892,0.17158187739518238,0.731555919743445,0.1767432050472807,0.7377974701142789,0.1947379602041227,0.7602400190954061,0.15577656381895522,0.8045095039220027,0.15572703995454396,0.8196931234732872,0.15863558998019023,0.8194198773356463,0.16663571407748268,0.7304932597639995,0.19649462199393197,0.7407216100566553,0.152320144968644,0.8191880218596881,0.17071111426989105,0.7054050281021187,0.15019340601012043,0.7932049592933895,0.15374627741854874,0.8001275002722442,0.1489328198057085,0.8014343580488987,0.16150957515755837,0.7841531112092434,0.15580079042832606,0.6883332456765382,0.15505041430338307,0.6988061037586775,0.16319972446380882,0.7004907356233331,0.1814155928700918,0.7205901954832717,0.17187936444375662,0.7637278674530493,0.17673327999111155,0.7120394855629026,0.183611386867781,0.7660942300893934,0.17732207247473697,