{"id":9,"uvs":[0.5019522837583446,0.26869614279687615,0.49993665839942447,0.30232523244534637,0.5004300933753929,0.30014307610394786,0.5077537917200469,0.3734824879346521,0.4992047528660152,0.3179815185556296,0.49790146113098255,0.34635252397864325,0.4941525700978445,0.4281738722416075,0.5859199959112773,0.4721274436055892,0.4917710273986645,0.4845568511679529,0.4908659181770003,0.5095178189222009,0.4863529811974009,0.6182605661338649,0.5021508089538892,0.2617123303852841,0.5021698196988098,0.25728777960246907,0.5019329137403874,0.25688160704191576,0.501767300889662,0.25509357778161845,0.5020660175963136,0.24716091402216767,0.502422362263081,0.2378658724830337,0.5025389754852458,0.23006397142285795,0.5022260134346668,0.2240131734308386,0.5001776522465742,0.2979524465302773,0.5134532563486489,0.3067389040376697,0.6295586087856233,0.5829187567477182,0.5438231315416606,0.4512992049450797,0.5567802860596323,0.4505337989542446,0.5704600788890052,0.4521512956230398,0.5900905200215749,0.470092068512994,0.5345008758275999,0.45377442006043045,0.5697054565840518,0.500580355185769,0.5540208186179917,0.49727752274270365,0.5831243121228957,0.5000181738885366,0.5914459711487927,0.49584617288122135,0.5994800126771922,0.46123326238707807,0.5454627202206848,0.21654123987770357,0.5923228739991012,0.48054726469607223,0.6348667617683547,0.5021409548196595,0.6146008926266633,0.481775543899138,0.5598611432161875,0.3651035798730201,0.5178354441362852,0.27360660029909256,0.5152029597014207,0.25977048891313737,0.5332615159157668,0.27465244021130664,0.540721247083722,0.2750145806059495,0.5260216709684239,0.2632580490513957,0.5331361889207522,0.26596369548033494,0.5546204951108733,0.2650239077512553,0.5106857569754382,0.30463852086355425,0.5119978623081699,0.32031406004923557,0.6089525093308938,0.5151059014099767,0.5336030652131791,0.4084209573615989,0.5408891598635963,0.3327470523137541,0.5406473704563781,0.34608308507669927,0.5954881836237158,0.3827603800110929,0.5100713702025229,0.3472547292036051,0.5806611097680259,0.5195279231965723,0.5978078561744951,0.5206653075177179,0.6187066546572871,0.6031279715122961,0.5220867540634226,0.49199055700742833,0.5407364846673419,0.4893474000227722,0.5638978666289753,0.2794601751503747,0.6157329336423765,0.3582685326407228,0.5322304447419908,0.32215629569014825,0.5220051835116553,0.31330880669978123,0.5499925993092155,0.27403779173844234,0.5437419212942582,0.2718343116379883,0.6040819662768708,0.5365583252244408,0.5409625894365918,0.33020916399621403,0.556169727736938,0.5114417806702053,0.5583941869346543,0.526530139511168,0.5679568508288296,0.6213390396282887,0.6111679701374909,0.5687184200418588,0.561397564834013,0.5722375927145424,0.6158768717274069,0.5298522460762716,0.6226863664843474,0.5543147452208126,0.5168245490653076,0.2650815320448554,0.5294314756932961,0.2671127557934725,0.5369710475761952,0.2697351731283635,0.529240534045123,0.31918740703034487,0.5466093753437631,0.2725543935984688,0.5420378711758491,0.26673025539662076,0.5426124236360153,0.2728007860608386,0.5256978514332733,0.31694496614179957,0.5301451619168951,0.2677000413409666,0.5229134147533009,0.26384734112738106,0.5131579373116875,0.2595442333531359,0.5174346412901252,0.22711810004014255,0.5173714507667484,0.23360915165852303,0.5165591312790625,0.24169704615490883,0.5152504152195877,0.2506804314215386,0.5137952463356321,0.25721543339781183,0.5315419615338077,0.2655363449154573,0.5335888345807522,0.26316215815263344,0.5366160468491923,0.2591861859244744,0.5393110829718042,0.2553388417714805,0.5517139976119242,0.2953777975532481,0.6302489678198702,0.4489601348787985,0.5002589963535546,0.29944698110050405,0.5361663355891059,0.2687073761174753,0.5387847071189621,0.2676222973179698,0.5175860663034038,0.30467976249921824,0.5372829768038205,0.3217379140039892,0.5198395358695566,0.3085079560603524,0.545145137586275,0.4029390365558435,0.5655737899511152,0.39444172035475367,0.5421868662155171,0.34278968606532556,0.5999183331983241,0.6164566100734719,0.5921500559524879,0.5759250663590909,0.5849521522032217,0.5362196022403676,0.5445703000078225,0.25116824802044724,0.5260033059016602,0.515236989596107,0.5279786636565924,0.566261158183488,0.5312320207296969,0.6215729043156427,0.5829728127863361,0.4591154578830601,0.613234530399011,0.4529706067644429,0.5291472830914743,0.4561947428107742,0.6027733645719283,0.4945629487764459,0.5251291288199408,0.414843528294614,0.5335199737811231,0.32980846175579726,0.6259279221310052,0.45003920008682086,0.6040970261532446,0.4334960062769615,0.5870195048557332,0.4195358833199442,0.5614651989686331,0.4178537305829345,0.5441056740049196,0.42285930207976097,0.5329509108953959,0.42734419371323884,0.5070013227023256,0.42689284328914934,0.6232646243052113,0.41076591550798947,0.6128218038527908,0.5015501220998945,0.5070338693014489,0.2994102100398206,0.5339832104525666,0.3844307243781723,0.6356221324055875,0.5242753440384,0.5240512947295785,0.4317161112669591,0.542555465804897,0.34779479377145983,0.5959384000633733,0.48295721485208587,0.532993486652457,0.34653267856400904,0.6250667604915606,0.40602537144756035,0.5306927902253067,0.46271411105837024,0.5218386802084429,0.34783630680378264,0.5926434606839632,0.2811620232232499,0.5906288901073435,0.2757791132786357,0.6329398917643769,0.42826435415895325,0.6068896995454498,0.3135306423287034,0.6295506795637184,0.5320300494862432,0.547991317228887,0.20441798834074698,0.5059191600688062,0.300770855623137,0.5444378648487674,0.37653387617753364,0.6246503088794072,0.48577921987133676,0.5696468757201991,0.4609579744018725,0.5568510127085698,0.4590899587951529,0.5455960155247652,0.2659908345530835,0.6195039807413916,0.37798477045805834,0.5273413530365314,0.18112239463080648,0.5598252493826269,0.21899909350374636,0.573700386390535,0.2427471954078375,0.48864641639345363,0.5621458147932553,0.5026837554096375,0.17430071804736436,0.5459685800868641,0.4606766338025404,0.5364850329617405,0.46302307153653854,0.5317052461021669,0.4631727562763026,0.6213242354282704,0.5129723390714958,0.5422837730237674,0.47821214177504323,0.5543903222403741,0.48579475941423267,0.5672065106030783,0.48776305121649255,0.5792800992572839,0.4864215258841651,0.5861325845811646,0.4831745026627118,0.6351123165287265,0.5581177567367779,0.5789253183906977,0.46584546797025195,0.5007869071151667,0.2915984422786049,0.5426823380278456,0.29928253862877907,0.5326540512283862,0.3218349825742616,0.518869098562243,0.29333119972845667,0.4926949925639619,0.4606300554558399,0.5774899088616571,0.25203883532810867,0.5632539716665326,0.22869767951526299,0.5285183475069424,0.18521412181502983,0.6039615300010595,0.31350726194752,0.5345638808627757,0.4679579818360974,0.5172194412082114,0.39485610925122383,0.5029000474855089,0.17807476416251466,0.5451505285381288,0.1970055066790326,0.6278440831013146,0.39053634215940025,0.5238645764930604,0.261140303428383,0.5258742128941898,0.2566641981501905,0.528123843456724,0.25005802363996443,0.5298043838909727,0.24268100127180925,0.5325579298038898,0.23756873958327174,0.5391203370022916,0.26904846064098253,0.5431213124421106,0.2715242310712631,0.5469561860709744,0.2757409384762435,0.5592425296902652,0.288545434534747,0.6038749316674851,0.35456161252421114,0.5160021367199475,0.4214283182838753,0.5212926429917564,0.46996351264219305,0.5293751684007558,0.47247758740230583,0.5362454533812171,0.27107835955008086,0.60333196152636,0.32339283173548417,0.5103324271871371,0.46260021460809553,0.5393011968439263,0.22879053842422348,0.4966404075606634,0.3735903468038284,0.5076913472889403,0.3984484498619967,0.49544922061877494,0.39949276007950607,0.5276885394217427,0.3680768537110287,0.5028772439936877,0.19131271187234178,0.5024984763536042,0.20945832153848398,0.5213597457403827,0.2142059047353243,0.5661246134182276,0.2649674902301845,0.5528598090678385,0.33799416777754165,0.5541726388659418,0.24609187027987045,0.5790722604555383,0.3498679165337383,0.5632300951095419,0.32362656573484705,0.5886917071427861,0.32985174790452954,