{"id":0,"uvs":[0.6217042500310139,0.37528786443850237,0.6237404724815017,0.43879269147394895,0.6197365318241742,0.4203934794266758,0.6280006858519165,0.49945521020978045,0.6235174218505666,0.4574162474969039,0.6211145689169398,0.48183552688551534,0.6130047555465927,0.5406799142815453,0.6851392481314955,0.548153219664038,0.6093902935490216,0.5813631925614842,0.6087865041097384,0.6047703354666856,0.6036243166341786,0.6962568574961713,0.6218290361985968,0.3660511321268568,0.6212792606238302,0.3595279976129553,0.6201806997957109,0.3570412767250868,0.6203147907992493,0.353171678431079,0.6209828502482047,0.345487321174752,0.6215188320646465,0.33573122883864226,0.6212334605344491,0.3253836957201549,0.6192791466300143,0.3090119299965689,0.6226609356374861,0.4294868413166453,0.6313260258613337,0.431111295438555,0.7131177769697217,0.6154109386233801,0.654028756360195,0.5322867260656488,0.6650124107819111,0.531166391916744,0.6754471042819856,0.5321114277625405,0.6883094065202016,0.5416522174180944,0.6449643484252883,0.5363742108994922,0.6691629342636551,0.5731767646975333,0.6570904151356249,0.5723544673607641,0.6798473589527152,0.5708761922536201,0.686644850235205,0.5657821368774096,0.6966095067636816,0.5303360043649749,0.6594193385739726,0.2859618420503086,0.6887200636256201,0.5519900508459911,0.7196966384945152,0.5404725448064482,0.7067229967972117,0.5421603482717361,0.6690420405822929,0.4576708445155091,0.6354132226020298,0.3789823184149659,0.6327574177979054,0.3604114636634137,0.6486457136695674,0.3747088126085433,0.6564086157783418,0.36820161996033907,0.6420866019696884,0.36036406401356325,0.6491510942838459,0.35940526797516836,0.6683578128947865,0.3431966040942249,0.6331125655321889,0.4396260940712504,0.634572405933791,0.4574530279827518,0.7022705901121293,0.5824535042241934,0.644779066570798,0.5022838941524947,0.6548736320939574,0.4460536583208834,0.6543200150442738,0.4559785835579654,0.6981465258510111,0.4612295975943814,0.6314596197903471,0.48033493217392786,0.679130638125571,0.5981564629859764,0.6932708642630505,0.5934357657568272,0.7049458399523125,0.6457430945783761,0.63237700307256,0.5846255964941831,0.6464800272714475,0.567499089180264,0.6764470300101216,0.36037955012849043,0.7088856876578771,0.3766657291274784,0.6465088396069603,0.43570950448388857,0.6374285361277946,0.4294738260108275,0.6649557075357201,0.35813928044621035,0.6592207697780201,0.3590513368144921,0.6979594178412887,0.6052234212739006,0.6541311383797894,0.4383127265774548,0.6592583605443104,0.596723042178289,0.6613101290947567,0.6115748920603061,0.6669146225195481,0.6865969598361441,0.7015647735771953,0.6267250069837007,0.663413289574153,0.650980043280565,0.7072555162556796,0.5908578105248052,0.7105447615029193,0.602581908387261,0.634602495157983,0.3680033007445219,0.6452731330378978,0.3657955378424639,0.6529510291141909,0.36342029707200174,0.6433162146779938,0.4322090841999059,0.662231478990674,0.35814481491100914,0.658240029170267,0.3547530096715368,0.6574497922942248,0.36026325135672643,0.6426078913187758,0.4410857597365162,0.6458809821786611,0.36055496260109854,0.6387273921356278,0.3595700877036455,0.630231381635834,0.3582054586017325,0.6340936221141966,0.31061453681850926,0.6351287285231183,0.3276081028775002,0.6346137205315574,0.3383940143187597,0.633187552188486,0.3479232384741885,0.6315150752032055,0.354441703816345,0.648055827908468,0.35728603974084905,0.6502525557053862,0.3549689639653919,0.653236547664684,0.35006445671020103,0.6555288276009963,0.3442101283145216,0.6648109604751541,0.3908175699969124,0.7154073892852001,0.4641320907611225,0.6210138141243076,0.42613887362787806,0.6523469312074135,0.3581865315257424,0.6551623681219587,0.3570893934842502,0.6340803066749707,0.4210373599029543,0.6496316638128432,0.42717777485315656,0.6357545668443629,0.4250066849771891,0.6559768220571335,0.49240039985698614,0.6737150595513295,0.480896492809617,0.6552815711585689,0.44826505308984843,0.6906346768600018,0.67004246714006,0.6865818083710242,0.6435505679374124,0.6823998714018213,0.6128177389223783,0.6594248705994337,0.3313007630409315,0.6360372685720739,0.607698602474664,0.6376807514208908,0.6526776233271774,0.6390242178713332,0.6944820267555216,0.6839106796900556,0.5354023334457898,0.7076783421978023,0.5181968070972599,0.6391780186771931,0.5408768733421032,0.6971784891111492,0.5617494550364504,0.6371646354036088,0.5135870271685932,0.6495233890180405,0.4522703941544235,0.7175683087482873,0.5068268824893208,0.7023893884258203,0.5053390927248093,0.6901423625934346,0.4982010475590568,0.6697117776437226,0.5005949765664348,0.6544227303086679,0.5076626952666652,0.6431849133912245,0.5157232556804887,0.6235955551521576,0.5363054784292423,0.718129994092976,0.4696642664010845,0.705060257368112,0.5644753738470769,0.6282508371903274,0.430497454940006,0.6461023014333165,0.484309436564211,0.7164982285887569,0.5423296479114081,0.6349275303739177,0.5248438995073722,0.6547698922702458,0.4473513340802755,0.691460026326634,0.5509191995733191,0.648434861363963,0.46427349232170334,0.7138441160291317,0.42156367306412046,0.6388445670737,0.5475085539347282,0.6403647006976319,0.47420961517553817,0.6979593373651345,0.3310380453986095,0.693527630171851,0.3120559712707579,0.722414285867144,0.46626647969727253,0.7078558078674324,0.3564055505900027,0.7153152087843763,0.5744198605990811,0.6612740722663165,0.268213309472086,0.6256678421994304,0.4268690025825377,0.6555801323443922,0.4714032118709749,0.7140320059390148,0.5394472088702662,0.6747488003908289,0.5427977591589843,0.665148404030665,0.5411500736997973,0.6610696127459968,0.3514803086417859,0.7164169645945108,0.4341065944499525,0.6407683622296008,0.2421064753258949,0.6698920992637288,0.2696370398833575,0.6812640370656171,0.2871370794871876,0.6066671299920512,0.6521132141787137,0.6170871285951725,0.23645666119785402,0.6557308904780803,0.5419168870590398,0.6469031965341114,0.5444871203633046,0.6414020989435496,0.546063415602634,0.7108591890295305,0.5685428343391423,0.6478596305057073,0.5586489621447885,0.6572469239167953,0.5628570816009053,0.6674427785820877,0.5639569627094105,0.6773995151946881,0.5615984792030279,0.6832231784533666,0.5574836131273881,0.7165773589722948,0.5832070961326494,0.6809601234522378,0.5453852550462533,0.6199694969556319,0.40603499475535754,0.6556307754165694,0.40102696286913386,0.6472920552377369,0.438384109356879,0.6357396133072191,0.4051281209853471,0.6101248886004667,0.561827939723173,0.6862307105809033,0.30670627546497464,0.6743233294919351,0.2874161942606779,0.6434004394291154,0.25392350577362144,0.7019607397053127,0.3397852451278055,0.6416661485884079,0.5521426592411616,0.6331884910154629,0.5079659220809876,0.6192297473660952,0.2487746492421261,0.6572947515396519,0.2538662201498981,0.7200293570042683,0.42725159668704005,0.6408591232167113,0.35595525373958836,0.6430514923925768,0.35139615104347943,0.645256164302395,0.344041470897137,0.6468637618894995,0.33454778904687454,0.6483949096827528,0.319679917972004,0.6552795708684129,0.3590852849466982,0.6590810563585576,0.3605682740584828,0.6623177489230765,0.3633909665106112,0.6725756219566768,0.3768344297758198,0.705944423432643,0.42332507796268537,0.6301293945929575,0.5259980894620637,0.6309480258454021,0.5587320064699939,0.6371278047197251,0.5564831317487671,0.6519302497275548,0.3614055169644318,0.7060087476819625,0.38077066219354583,0.6236633791834894,0.5590876358128145,0.6539207283098084,0.30338680741134516,0.6182310222577524,0.5019751143908997,0.6262056609470518,0.517080546510853,0.6156652149954046,0.5207364973908158,0.6424991859643043,0.4799387016705218,0.6199309060735836,0.2671837011547855,0.6195678001951516,0.28967802277467924,0.63783723206245,0.29227057440902016,0.6776127133002635,0.337663432659872,0.6636367424756114,0.4332955708284194,0.6667095011249543,0.3183438559552674,0.6859356923840599,0.43718783655738447,0.6736467208814296,0.4156977091365234,0.6945628245061057,0.4087799488434922,0.6420764896478472,0.27127952190988536,0.6481411605942775,0.4701917477101911,